[{"mutantId":"AlarmRestoreOnRebootService_0_NullIntentOperatorMutator","mutantIdNumber":27,"mutantion":{"mutationOperatorArgumentsList":[],"operator":"NullIntentOperatorMutator","isAndroidSpecific":true},"mutationLine":44,"filePath":"it/feio/android/omninotes/async/AlarmRestoreOnRebootService.java"},{"mutantId":"AlarmRestoreOnRebootService_1_InvalidKeyIntentOperatorMutator","mutantIdNumber":1027,"mutantion":{"mutationOperatorArgumentsList":[],"operator":"InvalidKeyIntentOperatorMutator","isAndroidSpecific":true},"mutationLine":44,"filePath":"it/feio/android/omninotes/async/AlarmRestoreOnRebootService.java"},{"mutantId":"AlarmRestoreOnRebootService_2_RandomActionIntentDefinitionOperatorMutator","mutantIdNumber":2027,"mutantion":{"mutationOperatorArgumentsList":[],"operator":"RandomActionIntentDefinitionOperatorMutator"},"mutationLine":44,"filePath":"it/feio/android/omninotes/async/AlarmRestoreOnRebootService.java"},{"mutantId":"CategoryMenuTask_0_InvalidViewFocusOperatorMutator","mutantIdNumber":29,"mutantion":{"mutationOperatorArgumentsList":[],"operator":"InvalidViewFocusOperatorMutator","isAndroidSpecific":true},"mutationLine":61,"filePath":"it/feio/android/omninotes/async/CategoryMenuTask.java"},{"mutantId":"CategoryMenuTask_1_ViewComponentNotVisibleOperatorMutator","mutantIdNumber":1029,"mutantion":{"mutationOperatorArgumentsList":[],"operator":"ViewComponentNotVisibleOperatorMutator"},"mutationLine":61,"filePath":"it/feio/android/omninotes/async/CategoryMenuTask.java"},{"mutantId":"CategoryMenuTask_2_InvalidViewFocusOperatorMutator","mutantIdNumber":2029,"mutantion":{"mutationOperatorArgumentsList":[],"operator":"InvalidViewFocusOperatorMutator","isAndroidSpecific":true},"mutationLine":65,"filePath":"it/feio/android/omninotes/async/CategoryMenuTask.java"},{"mutantId":"CategoryMenuTask_3_ViewComponentNotVisibleOperatorMutator","mutantIdNumber":3029,"mutantion":{"mutationOperatorArgumentsList":[],"operator":"ViewComponentNotVisibleOperatorMutator"},"mutationLine":65,"filePath":"it/feio/android/omninotes/async/CategoryMenuTask.java"},{"mutantId":"CategoryMenuTask_4_InvalidViewFocusOperatorMutator","mutantIdNumber":4029,"mutantion":{"mutationOperatorArgumentsList":[],"operator":"InvalidViewFocusOperatorMutator","isAndroidSpecific":true},"mutationLine":68,"filePath":"it/feio/android/omninotes/async/CategoryMenuTask.java"},{"mutantId":"CategoryMenuTask_5_ViewComponentNotVisibleOperatorMutator","mutantIdNumber":5029,"mutantion":{"mutationOperatorArgumentsList":[],"operator":"ViewComponentNotVisibleOperatorMutator"},"mutationLine":68,"filePath":"it/feio/android/omninotes/async/CategoryMenuTask.java"},{"mutantId":"CategoryMenuTask_6_BinaryMutator","mutantIdNumber":6029,"mutantion":{"mutationOperatorArgumentsList":["-","+"],"operator":"BinaryMutator","isAndroidSpecific":false},"mutationLine":74,"filePath":"it/feio/android/omninotes/async/CategoryMenuTask.java"},{"mutantId":"CategoryMenuTask_7_BuggyGUIListenerOperatorMutator","mutantIdNumber":7029,"mutantion":{"mutationOperatorArgumentsList":[],"operator":"BuggyGUIListenerOperatorMutator","isAndroidSpecific":true},"mutationLine":134,"filePath":"it/feio/android/omninotes/async/CategoryMenuTask.java"},{"mutantId":"CategoryMenuTask_8_InvalidKeyIntentOperatorMutator","mutantIdNumber":8029,"mutantion":{"mutationOperatorArgumentsList":[],"operator":"InvalidKeyIntentOperatorMutator","isAndroidSpecific":true},"mutationLine":135,"filePath":"it/feio/android/omninotes/async/CategoryMenuTask.java"},{"mutantId":"CategoryMenuTask_9_RandomActionIntentDefinitionOperatorMutator","mutantIdNumber":9029,"mutantion":{"mutationOperatorArgumentsList":[],"operator":"RandomActionIntentDefinitionOperatorMutator"},"mutationLine":135,"filePath":"it/feio/android/omninotes/async/CategoryMenuTask.java"},{"mutantId":"MainMenuTask_0_InvalidViewFocusOperatorMutator","mutantIdNumber":30,"mutantion":{"mutationOperatorArgumentsList":[],"operator":"InvalidViewFocusOperatorMutator","isAndroidSpecific":true},"mutationLine":61,"filePath":"it/feio/android/omninotes/async/MainMenuTask.java"},{"mutantId":"MainMenuTask_1_ViewComponentNotVisibleOperatorMutator","mutantIdNumber":1030,"mutantion":{"mutationOperatorArgumentsList":[],"operator":"ViewComponentNotVisibleOperatorMutator"},"mutationLine":61,"filePath":"it/feio/android/omninotes/async/MainMenuTask.java"},{"mutantId":"MainMenuTask_2_RandomActionIntentDefinitionOperatorMutator","mutantIdNumber":2030,"mutantion":{"mutationOperatorArgumentsList":[],"operator":"RandomActionIntentDefinitionOperatorMutator"},"mutationLine":77,"filePath":"it/feio/android/omninotes/async/MainMenuTask.java"},{"mutantId":"DataBackupIntentService_0_NullIntentOperatorMutator","mutantIdNumber":32,"mutantion":{"mutationOperatorArgumentsList":[],"operator":"NullIntentOperatorMutator","isAndroidSpecific":true},"mutationLine":146,"filePath":"it/feio/android/omninotes/async/DataBackupIntentService.java"},{"mutantId":"DataBackupIntentService_1_InvalidKeyIntentOperatorMutator","mutantIdNumber":1032,"mutantion":{"mutationOperatorArgumentsList":[],"operator":"InvalidKeyIntentOperatorMutator","isAndroidSpecific":true},"mutationLine":146,"filePath":"it/feio/android/omninotes/async/DataBackupIntentService.java"},{"mutantId":"DataBackupIntentService_2_RandomActionIntentDefinitionOperatorMutator","mutantIdNumber":2032,"mutantion":{"mutationOperatorArgumentsList":[],"operator":"RandomActionIntentDefinitionOperatorMutator"},"mutationLine":146,"filePath":"it/feio/android/omninotes/async/DataBackupIntentService.java"},{"mutantId":"DataBackupIntentService_3_RandomActionIntentDefinitionOperatorMutator","mutantIdNumber":3032,"mutantion":{"mutationOperatorArgumentsList":[],"operator":"RandomActionIntentDefinitionOperatorMutator"},"mutationLine":147,"filePath":"it/feio/android/omninotes/async/DataBackupIntentService.java"},{"mutantId":"DataBackupIntentService_4_NullIntentOperatorMutator","mutantIdNumber":4032,"mutantion":{"mutationOperatorArgumentsList":[],"operator":"NullIntentOperatorMutator","isAndroidSpecific":true},"mutationLine":149,"filePath":"it/feio/android/omninotes/async/DataBackupIntentService.java"},{"mutantId":"DataBackupIntentService_5_RandomActionIntentDefinitionOperatorMutator","mutantIdNumber":5032,"mutantion":{"mutationOperatorArgumentsList":[],"operator":"RandomActionIntentDefinitionOperatorMutator"},"mutationLine":149,"filePath":"it/feio/android/omninotes/async/DataBackupIntentService.java"},{"mutantId":"DataBackupIntentService_6_RandomActionIntentDefinitionOperatorMutator","mutantIdNumber":6032,"mutantion":{"mutationOperatorArgumentsList":[],"operator":"RandomActionIntentDefinitionOperatorMutator"},"mutationLine":152,"filePath":"it/feio/android/omninotes/async/DataBackupIntentService.java"},{"mutantId":"DataBackupIntentService_7_RandomActionIntentDefinitionOperatorMutator","mutantIdNumber":7032,"mutantion":{"mutationOperatorArgumentsList":[],"operator":"RandomActionIntentDefinitionOperatorMutator"},"mutationLine":153,"filePath":"it/feio/android/omninotes/async/DataBackupIntentService.java"},{"mutantId":"DbHelper_0_BinaryMutator","mutantIdNumber":34,"mutantion":{"mutationOperatorArgumentsList":["-","+"],"operator":"BinaryMutator","isAndroidSpecific":false},"mutationLine":201,"filePath":"it/feio/android/omninotes/db/DbHelper.java"},{"mutantId":"DbHelper_1_BinaryMutator","mutantIdNumber":1034,"mutantion":{"mutationOperatorArgumentsList":["/","*"],"operator":"BinaryMutator","isAndroidSpecific":false},"mutationLine":1039,"filePath":"it/feio/android/omninotes/db/DbHelper.java"},{"mutantId":"DbHelper_2_BinaryMutator","mutantIdNumber":2034,"mutantion":{"mutationOperatorArgumentsList":["/","*"],"operator":"BinaryMutator","isAndroidSpecific":false},"mutationLine":1040,"filePath":"it/feio/android/omninotes/db/DbHelper.java"},{"mutantId":"NotificationListener_0_LengthyGUICreationOperatorMutator","mutantIdNumber":43,"mutantion":{"mutationOperatorArgumentsList":[],"operator":"LengthyGUICreationOperatorMutator","isAndroidSpecific":true},"mutationLine":37,"filePath":"it/feio/android/omninotes/services/NotificationListener.java"},{"mutantId":"RecyclerViewItemClickSupport_0_LengthyGUIListenerOperatorMutator","mutantIdNumber":53,"mutantion":{"mutationOperatorArgumentsList":[],"operator":"LengthyGUIListenerOperatorMutator","isAndroidSpecific":true},"mutationLine":33,"filePath":"it/feio/android/omninotes/models/listeners/RecyclerViewItemClickSupport.java"},{"mutantId":"AttachmentAdapter_0_InvalidViewFocusOperatorMutator","mutantIdNumber":58,"mutantion":{"mutationOperatorArgumentsList":[],"operator":"InvalidViewFocusOperatorMutator","isAndroidSpecific":true},"mutationLine":83,"filePath":"it/feio/android/omninotes/models/adapters/AttachmentAdapter.java"},{"mutantId":"AttachmentAdapter_1_ViewComponentNotVisibleOperatorMutator","mutantIdNumber":1058,"mutantion":{"mutationOperatorArgumentsList":[],"operator":"ViewComponentNotVisibleOperatorMutator"},"mutationLine":83,"filePath":"it/feio/android/omninotes/models/adapters/AttachmentAdapter.java"},{"mutantId":"AttachmentAdapter_2_InvalidViewFocusOperatorMutator","mutantIdNumber":2058,"mutantion":{"mutationOperatorArgumentsList":[],"operator":"InvalidViewFocusOperatorMutator","isAndroidSpecific":true},"mutationLine":84,"filePath":"it/feio/android/omninotes/models/adapters/AttachmentAdapter.java"},{"mutantId":"AttachmentAdapter_3_ViewComponentNotVisibleOperatorMutator","mutantIdNumber":3058,"mutantion":{"mutationOperatorArgumentsList":[],"operator":"ViewComponentNotVisibleOperatorMutator"},"mutationLine":84,"filePath":"it/feio/android/omninotes/models/adapters/AttachmentAdapter.java"},{"mutantId":"NavDrawerAdapter_0_InvalidViewFocusOperatorMutator","mutantIdNumber":59,"mutantion":{"mutationOperatorArgumentsList":[],"operator":"InvalidViewFocusOperatorMutator","isAndroidSpecific":true},"mutationLine":78,"filePath":"it/feio/android/omninotes/models/adapters/NavDrawerAdapter.java"},{"mutantId":"NavDrawerAdapter_1_ViewComponentNotVisibleOperatorMutator","mutantIdNumber":1059,"mutantion":{"mutationOperatorArgumentsList":[],"operator":"ViewComponentNotVisibleOperatorMutator"},"mutationLine":78,"filePath":"it/feio/android/omninotes/models/adapters/NavDrawerAdapter.java"},{"mutantId":"NavDrawerAdapter_2_InvalidViewFocusOperatorMutator","mutantIdNumber":2059,"mutantion":{"mutationOperatorArgumentsList":[],"operator":"InvalidViewFocusOperatorMutator","isAndroidSpecific":true},"mutationLine":79,"filePath":"it/feio/android/omninotes/models/adapters/NavDrawerAdapter.java"},{"mutantId":"NavDrawerAdapter_3_ViewComponentNotVisibleOperatorMutator","mutantIdNumber":3059,"mutantion":{"mutationOperatorArgumentsList":[],"operator":"ViewComponentNotVisibleOperatorMutator"},"mutationLine":79,"filePath":"it/feio/android/omninotes/models/adapters/NavDrawerAdapter.java"},{"mutantId":"VerticalSeekBar_0_BinaryMutator","mutantIdNumber":63,"mutantion":{"mutationOperatorArgumentsList":["-","+"],"operator":"BinaryMutator","isAndroidSpecific":false},"mutationLine":97,"filePath":"it/feio/android/omninotes/models/views/VerticalSeekBar.java"},{"mutantId":"VerticalSeekBar_1_BinaryMutator","mutantIdNumber":1063,"mutantion":{"mutationOperatorArgumentsList":["/","*"],"operator":"BinaryMutator","isAndroidSpecific":false},"mutationLine":98,"filePath":"it/feio/android/omninotes/models/views/VerticalSeekBar.java"},{"mutantId":"VerticalSeekBar_2_BinaryMutator","mutantIdNumber":2063,"mutantion":{"mutationOperatorArgumentsList":["*","/"],"operator":"BinaryMutator","isAndroidSpecific":false},"mutationLine":98,"filePath":"it/feio/android/omninotes/models/views/VerticalSeekBar.java"},{"mutantId":"SketchView_0_BinaryMutator","mutantIdNumber":66,"mutantion":{"mutationOperatorArgumentsList":["/","*"],"operator":"BinaryMutator","isAndroidSpecific":false},"mutationLine":193,"filePath":"it/feio/android/omninotes/models/views/SketchView.java"},{"mutantId":"SketchView_1_BinaryMutator","mutantIdNumber":1066,"mutantion":{"mutationOperatorArgumentsList":["+","-"],"operator":"BinaryMutator","isAndroidSpecific":false},"mutationLine":193,"filePath":"it/feio/android/omninotes/models/views/SketchView.java"},{"mutantId":"SketchView_2_BinaryMutator","mutantIdNumber":2066,"mutantion":{"mutationOperatorArgumentsList":["/","*"],"operator":"BinaryMutator","isAndroidSpecific":false},"mutationLine":193,"filePath":"it/feio/android/omninotes/models/views/SketchView.java"},{"mutantId":"SketchView_3_BinaryMutator","mutantIdNumber":3066,"mutantion":{"mutationOperatorArgumentsList":["+","-"],"operator":"BinaryMutator","isAndroidSpecific":false},"mutationLine":193,"filePath":"it/feio/android/omninotes/models/views/SketchView.java"},{"mutantId":"SketchView_4_BinaryMutator","mutantIdNumber":4066,"mutantion":{"mutationOperatorArgumentsList":["-","+"],"operator":"BinaryMutator","isAndroidSpecific":false},"mutationLine":223,"filePath":"it/feio/android/omninotes/models/views/SketchView.java"},{"mutantId":"SketchView_5_BinaryMutator","mutantIdNumber":5066,"mutantion":{"mutationOperatorArgumentsList":["-","+"],"operator":"BinaryMutator","isAndroidSpecific":false},"mutationLine":231,"filePath":"it/feio/android/omninotes/models/views/SketchView.java"},{"mutantId":"NonScrollableListView_0_BinaryMutator","mutantIdNumber":67,"mutantion":{"mutationOperatorArgumentsList":["+","-"],"operator":"BinaryMutator","isAndroidSpecific":false},"mutationLine":61,"filePath":"it/feio/android/omninotes/models/views/NonScrollableListView.java"},{"mutantId":"NonScrollableListView_1_BinaryMutator","mutantIdNumber":1067,"mutantion":{"mutationOperatorArgumentsList":["*","/"],"operator":"BinaryMutator","isAndroidSpecific":false},"mutationLine":61,"filePath":"it/feio/android/omninotes/models/views/NonScrollableListView.java"},{"mutantId":"NonScrollableListView_2_BinaryMutator","mutantIdNumber":2067,"mutantion":{"mutationOperatorArgumentsList":["-","+"],"operator":"BinaryMutator","isAndroidSpecific":false},"mutationLine":61,"filePath":"it/feio/android/omninotes/models/views/NonScrollableListView.java"},{"mutantId":"Fab_0_InvalidViewFocusOperatorMutator","mutantIdNumber":68,"mutantion":{"mutationOperatorArgumentsList":[],"operator":"InvalidViewFocusOperatorMutator","isAndroidSpecific":true},"filePath":"it/feio/android/omninotes/models/views/Fab.java"},{"mutantId":"Fab_1_ViewComponentNotVisibleOperatorMutator","mutantIdNumber":1068,"mutantion":{"mutationOperatorArgumentsList":[],"operator":"ViewComponentNotVisibleOperatorMutator"},"filePath":"it/feio/android/omninotes/models/views/Fab.java"},{"mutantId":"Fab_2_BuggyGUIListenerOperatorMutator","mutantIdNumber":2068,"mutantion":{"mutationOperatorArgumentsList":[],"operator":"BuggyGUIListenerOperatorMutator","isAndroidSpecific":true},"mutationLine":63,"filePath":"it/feio/android/omninotes/models/views/Fab.java"},{"mutantId":"Fab_3_InvalidViewFocusOperatorMutator","mutantIdNumber":3068,"mutantion":{"mutationOperatorArgumentsList":[],"operator":"InvalidViewFocusOperatorMutator","isAndroidSpecific":true},"filePath":"it/feio/android/omninotes/models/views/Fab.java"},{"mutantId":"Fab_4_ViewComponentNotVisibleOperatorMutator","mutantIdNumber":4068,"mutantion":{"mutationOperatorArgumentsList":[],"operator":"ViewComponentNotVisibleOperatorMutator"},"filePath":"it/feio/android/omninotes/models/views/Fab.java"},{"mutantId":"Fab_5_BinaryMutator","mutantIdNumber":5068,"mutantion":{"mutationOperatorArgumentsList":["+","-"],"operator":"BinaryMutator","isAndroidSpecific":false},"mutationLine":129,"filePath":"it/feio/android/omninotes/models/views/Fab.java"},{"mutantId":"Fab_6_BuggyGUIListenerOperatorMutator","mutantIdNumber":6068,"mutantion":{"mutationOperatorArgumentsList":[],"operator":"BuggyGUIListenerOperatorMutator","isAndroidSpecific":true},"mutationLine":177,"filePath":"it/feio/android/omninotes/models/views/Fab.java"},{"mutantId":"Fab_7_BuggyGUIListenerOperatorMutator","mutantIdNumber":7068,"mutantion":{"mutationOperatorArgumentsList":[],"operator":"BuggyGUIListenerOperatorMutator","isAndroidSpecific":true},"mutationLine":187,"filePath":"it/feio/android/omninotes/models/views/Fab.java"},{"mutantId":"UndoBarController_0_InvalidViewFocusOperatorMutator","mutantIdNumber":72,"mutantion":{"mutationOperatorArgumentsList":[],"operator":"InvalidViewFocusOperatorMutator","isAndroidSpecific":true},"mutationLine":64,"filePath":"it/feio/android/omninotes/models/UndoBarController.java"},{"mutantId":"UndoBarController_1_ViewComponentNotVisibleOperatorMutator","mutantIdNumber":1072,"mutantion":{"mutationOperatorArgumentsList":[],"operator":"ViewComponentNotVisibleOperatorMutator"},"mutationLine":64,"filePath":"it/feio/android/omninotes/models/UndoBarController.java"},{"mutantId":"UndoBarController_2_InvalidViewFocusOperatorMutator","mutantIdNumber":2072,"mutantion":{"mutationOperatorArgumentsList":[],"operator":"InvalidViewFocusOperatorMutator","isAndroidSpecific":true},"mutationLine":66,"filePath":"it/feio/android/omninotes/models/UndoBarController.java"},{"mutantId":"UndoBarController_3_ViewComponentNotVisibleOperatorMutator","mutantIdNumber":3072,"mutantion":{"mutationOperatorArgumentsList":[],"operator":"ViewComponentNotVisibleOperatorMutator"},"mutationLine":66,"filePath":"it/feio/android/omninotes/models/UndoBarController.java"},{"mutantId":"UndoBarController_4_BuggyGUIListenerOperatorMutator","mutantIdNumber":4072,"mutantion":{"mutationOperatorArgumentsList":[],"operator":"BuggyGUIListenerOperatorMutator","isAndroidSpecific":true},"mutationLine":68,"filePath":"it/feio/android/omninotes/models/UndoBarController.java"},{"mutantId":"UndoBarController_5_LengthyGUIListenerOperatorMutator","mutantIdNumber":5072,"mutantion":{"mutationOperatorArgumentsList":[],"operator":"LengthyGUIListenerOperatorMutator","isAndroidSpecific":true},"mutationLine":72,"filePath":"it/feio/android/omninotes/models/UndoBarController.java"},{"mutantId":"Stats_0_BinaryMutator","mutantIdNumber":75,"mutantion":{"mutationOperatorArgumentsList":["+","-"],"operator":"BinaryMutator","isAndroidSpecific":false},"mutationLine":41,"filePath":"it/feio/android/omninotes/models/Stats.java"},{"mutantId":"Stats_1_BinaryMutator","mutantIdNumber":1075,"mutantion":{"mutationOperatorArgumentsList":["+","-"],"operator":"BinaryMutator","isAndroidSpecific":false},"mutationLine":41,"filePath":"it/feio/android/omninotes/models/Stats.java"},{"mutantId":"DateUtils_0_BinaryMutator","mutantIdNumber":83,"mutantion":{"mutationOperatorArgumentsList":["+","-"],"operator":"BinaryMutator","isAndroidSpecific":false},"mutationLine":153,"filePath":"it/feio/android/omninotes/utils/date/DateUtils.java"},{"mutantId":"DateUtils_1_BinaryMutator","mutantIdNumber":1083,"mutantion":{"mutationOperatorArgumentsList":["*","/"],"operator":"BinaryMutator","isAndroidSpecific":false},"mutationLine":153,"filePath":"it/feio/android/omninotes/utils/date/DateUtils.java"},{"mutantId":"AnimationsHelper_0_BinaryMutator","mutantIdNumber":85,"mutantion":{"mutationOperatorArgumentsList":["/","*"],"operator":"BinaryMutator","isAndroidSpecific":false},"mutationLine":66,"filePath":"it/feio/android/omninotes/utils/AnimationsHelper.java"},{"mutantId":"AnimationsHelper_1_BinaryMutator","mutantIdNumber":1085,"mutantion":{"mutationOperatorArgumentsList":["/","*"],"operator":"BinaryMutator","isAndroidSpecific":false},"mutationLine":67,"filePath":"it/feio/android/omninotes/utils/AnimationsHelper.java"},{"mutantId":"AnimationsHelper_2_BinaryMutator","mutantIdNumber":2085,"mutantion":{"mutationOperatorArgumentsList":["/","*"],"operator":"BinaryMutator","isAndroidSpecific":false},"mutationLine":69,"filePath":"it/feio/android/omninotes/utils/AnimationsHelper.java"},{"mutantId":"AnimationsHelper_3_BinaryMutator","mutantIdNumber":3085,"mutantion":{"mutationOperatorArgumentsList":["*","/"],"operator":"BinaryMutator","isAndroidSpecific":false},"mutationLine":70,"filePath":"it/feio/android/omninotes/utils/AnimationsHelper.java"},{"mutantId":"AnimationsHelper_4_BinaryMutator","mutantIdNumber":4085,"mutantion":{"mutationOperatorArgumentsList":["/","*"],"operator":"BinaryMutator","isAndroidSpecific":false},"mutationLine":71,"filePath":"it/feio/android/omninotes/utils/AnimationsHelper.java"},{"mutantId":"AnimationsHelper_5_BinaryMutator","mutantIdNumber":5085,"mutantion":{"mutationOperatorArgumentsList":["-","+"],"operator":"BinaryMutator","isAndroidSpecific":false},"mutationLine":71,"filePath":"it/feio/android/omninotes/utils/AnimationsHelper.java"},{"mutantId":"AnimationsHelper_6_BinaryMutator","mutantIdNumber":6085,"mutantion":{"mutationOperatorArgumentsList":["/","*"],"operator":"BinaryMutator","isAndroidSpecific":false},"mutationLine":76,"filePath":"it/feio/android/omninotes/utils/AnimationsHelper.java"},{"mutantId":"AnimationsHelper_7_BinaryMutator","mutantIdNumber":7085,"mutantion":{"mutationOperatorArgumentsList":["*","/"],"operator":"BinaryMutator","isAndroidSpecific":false},"mutationLine":77,"filePath":"it/feio/android/omninotes/utils/AnimationsHelper.java"},{"mutantId":"AnimationsHelper_8_BinaryMutator","mutantIdNumber":8085,"mutantion":{"mutationOperatorArgumentsList":["/","*"],"operator":"BinaryMutator","isAndroidSpecific":false},"mutationLine":78,"filePath":"it/feio/android/omninotes/utils/AnimationsHelper.java"},{"mutantId":"AnimationsHelper_9_BinaryMutator","mutantIdNumber":9085,"mutantion":{"mutationOperatorArgumentsList":["-","+"],"operator":"BinaryMutator","isAndroidSpecific":false},"mutationLine":78,"filePath":"it/feio/android/omninotes/utils/AnimationsHelper.java"},{"mutantId":"PasswordHelper_0_InvalidViewFocusOperatorMutator","mutantIdNumber":89,"mutantion":{"mutationOperatorArgumentsList":[],"operator":"InvalidViewFocusOperatorMutator","isAndroidSpecific":true},"filePath":"it/feio/android/omninotes/utils/PasswordHelper.java"},{"mutantId":"PasswordHelper_1_ViewComponentNotVisibleOperatorMutator","mutantIdNumber":1089,"mutantion":{"mutationOperatorArgumentsList":[],"operator":"ViewComponentNotVisibleOperatorMutator"},"filePath":"it/feio/android/omninotes/utils/PasswordHelper.java"},{"mutantId":"PasswordHelper_2_InvalidViewFocusOperatorMutator","mutantIdNumber":2089,"mutantion":{"mutationOperatorArgumentsList":[],"operator":"InvalidViewFocusOperatorMutator","isAndroidSpecific":true},"filePath":"it/feio/android/omninotes/utils/PasswordHelper.java"},{"mutantId":"PasswordHelper_3_ViewComponentNotVisibleOperatorMutator","mutantIdNumber":3089,"mutantion":{"mutationOperatorArgumentsList":[],"operator":"ViewComponentNotVisibleOperatorMutator"},"filePath":"it/feio/android/omninotes/utils/PasswordHelper.java"},{"mutantId":"Display_0_BinaryMutator","mutantIdNumber":93,"mutantion":{"mutationOperatorArgumentsList":["-","+"],"operator":"BinaryMutator","isAndroidSpecific":false},"mutationLine":69,"filePath":"it/feio/android/omninotes/utils/Display.java"},{"mutantId":"Display_1_BinaryMutator","mutantIdNumber":1093,"mutantion":{"mutationOperatorArgumentsList":["-","+"],"operator":"BinaryMutator","isAndroidSpecific":false},"mutationLine":70,"filePath":"it/feio/android/omninotes/utils/Display.java"},{"mutantId":"Display_2_BinaryMutator","mutantIdNumber":2093,"mutantion":{"mutationOperatorArgumentsList":["-","+"],"operator":"BinaryMutator","isAndroidSpecific":false},"mutationLine":118,"filePath":"it/feio/android/omninotes/utils/Display.java"},{"mutantId":"Display_3_BinaryMutator","mutantIdNumber":3093,"mutantion":{"mutationOperatorArgumentsList":["-","+"],"operator":"BinaryMutator","isAndroidSpecific":false},"mutationLine":134,"filePath":"it/feio/android/omninotes/utils/Display.java"},{"mutantId":"ReminderHelper_0_NullIntentOperatorMutator","mutantIdNumber":94,"mutantion":{"mutationOperatorArgumentsList":[],"operator":"NullIntentOperatorMutator","isAndroidSpecific":true},"mutationLine":55,"filePath":"it/feio/android/omninotes/utils/ReminderHelper.java"},{"mutantId":"ReminderHelper_1_InvalidKeyIntentOperatorMutator","mutantIdNumber":1094,"mutantion":{"mutationOperatorArgumentsList":[],"operator":"InvalidKeyIntentOperatorMutator","isAndroidSpecific":true},"mutationLine":55,"filePath":"it/feio/android/omninotes/utils/ReminderHelper.java"},{"mutantId":"ReminderHelper_2_RandomActionIntentDefinitionOperatorMutator","mutantIdNumber":2094,"mutantion":{"mutationOperatorArgumentsList":[],"operator":"RandomActionIntentDefinitionOperatorMutator"},"mutationLine":55,"filePath":"it/feio/android/omninotes/utils/ReminderHelper.java"},{"mutantId":"ReminderHelper_3_NullValueIntentPutExtraOperatorMutator","mutantIdNumber":3094,"mutantion":{"mutationOperatorArgumentsList":[],"operator":"NullValueIntentPutExtraOperatorMutator","isAndroidSpecific":true},"mutationLine":56,"filePath":"it/feio/android/omninotes/utils/ReminderHelper.java"},{"mutantId":"ReminderHelper_4_IntentPayloadReplacementOperatorMutator","mutantIdNumber":4094,"mutantion":{"mutationOperatorArgumentsList":[],"operator":"IntentPayloadReplacementOperatorMutator","isAndroidSpecific":true},"mutationLine":56,"filePath":"it/feio/android/omninotes/utils/ReminderHelper.java"},{"mutantId":"ReminderHelper_5_RandomActionIntentDefinitionOperatorMutator","mutantIdNumber":5094,"mutantion":{"mutationOperatorArgumentsList":[],"operator":"RandomActionIntentDefinitionOperatorMutator"},"mutationLine":56,"filePath":"it/feio/android/omninotes/utils/ReminderHelper.java"},{"mutantId":"ReminderHelper_6_BinaryMutator","mutantIdNumber":6094,"mutantion":{"mutationOperatorArgumentsList":["/","*"],"operator":"BinaryMutator","isAndroidSpecific":false},"mutationLine":75,"filePath":"it/feio/android/omninotes/utils/ReminderHelper.java"},{"mutantId":"ReminderHelper_7_NullIntentOperatorMutator","mutantIdNumber":7094,"mutantion":{"mutationOperatorArgumentsList":[],"operator":"NullIntentOperatorMutator","isAndroidSpecific":true},"mutationLine":82,"filePath":"it/feio/android/omninotes/utils/ReminderHelper.java"},{"mutantId":"ReminderHelper_8_InvalidKeyIntentOperatorMutator","mutantIdNumber":8094,"mutantion":{"mutationOperatorArgumentsList":[],"operator":"InvalidKeyIntentOperatorMutator","isAndroidSpecific":true},"mutationLine":82,"filePath":"it/feio/android/omninotes/utils/ReminderHelper.java"},{"mutantId":"ReminderHelper_9_RandomActionIntentDefinitionOperatorMutator","mutantIdNumber":9094,"mutantion":{"mutationOperatorArgumentsList":[],"operator":"RandomActionIntentDefinitionOperatorMutator"},"mutationLine":82,"filePath":"it/feio/android/omninotes/utils/ReminderHelper.java"},{"mutantId":"StorageHelper_0_BinaryMutator","mutantIdNumber":97,"mutantion":{"mutationOperatorArgumentsList":["*","/"],"operator":"BinaryMutator","isAndroidSpecific":false},"mutationLine":370,"filePath":"it/feio/android/omninotes/utils/StorageHelper.java"},{"mutantId":"StorageHelper_1_BinaryMutator","mutantIdNumber":1097,"mutantion":{"mutationOperatorArgumentsList":["+","-"],"operator":"BinaryMutator","isAndroidSpecific":false},"mutationLine":370,"filePath":"it/feio/android/omninotes/utils/StorageHelper.java"},{"mutantId":"StorageHelper_2_BinaryMutator","mutantIdNumber":2097,"mutantion":{"mutationOperatorArgumentsList":["/","*"],"operator":"BinaryMutator","isAndroidSpecific":false},"mutationLine":370,"filePath":"it/feio/android/omninotes/utils/StorageHelper.java"},{"mutantId":"ColorsUtil_0_BinaryMutator","mutantIdNumber":98,"mutantion":{"mutationOperatorArgumentsList":["+","-"],"operator":"BinaryMutator","isAndroidSpecific":false},"mutationLine":35,"filePath":"it/feio/android/omninotes/utils/ColorsUtil.java"},{"mutantId":"ColorsUtil_1_BinaryMutator","mutantIdNumber":1098,"mutantion":{"mutationOperatorArgumentsList":["+","-"],"operator":"BinaryMutator","isAndroidSpecific":false},"mutationLine":35,"filePath":"it/feio/android/omninotes/utils/ColorsUtil.java"},{"mutantId":"ColorsUtil_2_BinaryMutator","mutantIdNumber":2098,"mutantion":{"mutationOperatorArgumentsList":["*","/"],"operator":"BinaryMutator","isAndroidSpecific":false},"mutationLine":35,"filePath":"it/feio/android/omninotes/utils/ColorsUtil.java"},{"mutantId":"ColorsUtil_3_BinaryMutator","mutantIdNumber":3098,"mutantion":{"mutationOperatorArgumentsList":["*","/"],"operator":"BinaryMutator","isAndroidSpecific":false},"mutationLine":35,"filePath":"it/feio/android/omninotes/utils/ColorsUtil.java"},{"mutantId":"ColorsUtil_4_BinaryMutator","mutantIdNumber":4098,"mutantion":{"mutationOperatorArgumentsList":["*","/"],"operator":"BinaryMutator","isAndroidSpecific":false},"mutationLine":35,"filePath":"it/feio/android/omninotes/utils/ColorsUtil.java"},{"mutantId":"ListRemoteViewsFactory_0_NullIntentOperatorMutator","mutantIdNumber":107,"mutantion":{"mutationOperatorArgumentsList":[],"operator":"NullIntentOperatorMutator","isAndroidSpecific":true},"mutationLine":129,"filePath":"it/feio/android/omninotes/widget/ListRemoteViewsFactory.java"},{"mutantId":"ListRemoteViewsFactory_1_RandomActionIntentDefinitionOperatorMutator","mutantIdNumber":1107,"mutantion":{"mutationOperatorArgumentsList":[],"operator":"RandomActionIntentDefinitionOperatorMutator"},"mutationLine":129,"filePath":"it/feio/android/omninotes/widget/ListRemoteViewsFactory.java"},{"mutantId":"ListRemoteViewsFactory_2_RandomActionIntentDefinitionOperatorMutator","mutantIdNumber":2107,"mutantion":{"mutationOperatorArgumentsList":[],"operator":"RandomActionIntentDefinitionOperatorMutator"},"mutationLine":130,"filePath":"it/feio/android/omninotes/widget/ListRemoteViewsFactory.java"},{"mutantId":"WidgetConfigurationActivity_0_LengthyGUICreationOperatorMutator","mutantIdNumber":108,"mutantion":{"mutationOperatorArgumentsList":[],"operator":"LengthyGUICreationOperatorMutator","isAndroidSpecific":true},"mutationLine":47,"filePath":"it/feio/android/omninotes/widget/WidgetConfigurationActivity.java"},{"mutantId":"WidgetConfigurationActivity_1_FindViewByIdReturnsNullOperatorMutator","mutantIdNumber":1108,"mutantion":{"mutationOperatorArgumentsList":[],"operator":"FindViewByIdReturnsNullOperatorMutator","isAndroidSpecific":true},"mutationLine":53,"filePath":"it/feio/android/omninotes/widget/WidgetConfigurationActivity.java"},{"mutantId":"WidgetConfigurationActivity_2_InvalidIDFindViewOperatorMutator","mutantIdNumber":2108,"mutantion":{"mutationOperatorArgumentsList":[],"operator":"InvalidIDFindViewOperatorMutator","isAndroidSpecific":true},"mutationLine":53,"filePath":"it/feio/android/omninotes/widget/WidgetConfigurationActivity.java"},{"mutantId":"WidgetConfigurationActivity_3_InvalidViewFocusOperatorMutator","mutantIdNumber":3108,"mutantion":{"mutationOperatorArgumentsList":[],"operator":"InvalidViewFocusOperatorMutator","isAndroidSpecific":true},"mutationLine":53,"filePath":"it/feio/android/omninotes/widget/WidgetConfigurationActivity.java"},{"mutantId":"WidgetConfigurationActivity_4_ViewComponentNotVisibleOperatorMutator","mutantIdNumber":4108,"mutantion":{"mutationOperatorArgumentsList":[],"operator":"ViewComponentNotVisibleOperatorMutator"},"mutationLine":53,"filePath":"it/feio/android/omninotes/widget/WidgetConfigurationActivity.java"},{"mutantId":"WidgetConfigurationActivity_5_FindViewByIdReturnsNullOperatorMutator","mutantIdNumber":5108,"mutantion":{"mutationOperatorArgumentsList":[],"operator":"FindViewByIdReturnsNullOperatorMutator","isAndroidSpecific":true},"mutationLine":69,"filePath":"it/feio/android/omninotes/widget/WidgetConfigurationActivity.java"},{"mutantId":"WidgetConfigurationActivity_6_InvalidIDFindViewOperatorMutator","mutantIdNumber":6108,"mutantion":{"mutationOperatorArgumentsList":[],"operator":"InvalidIDFindViewOperatorMutator","isAndroidSpecific":true},"mutationLine":69,"filePath":"it/feio/android/omninotes/widget/WidgetConfigurationActivity.java"},{"mutantId":"WidgetConfigurationActivity_7_InvalidViewFocusOperatorMutator","mutantIdNumber":7108,"mutantion":{"mutationOperatorArgumentsList":[],"operator":"InvalidViewFocusOperatorMutator","isAndroidSpecific":true},"mutationLine":69,"filePath":"it/feio/android/omninotes/widget/WidgetConfigurationActivity.java"},{"mutantId":"WidgetConfigurationActivity_8_ViewComponentNotVisibleOperatorMutator","mutantIdNumber":8108,"mutantion":{"mutationOperatorArgumentsList":[],"operator":"ViewComponentNotVisibleOperatorMutator"},"mutationLine":69,"filePath":"it/feio/android/omninotes/widget/WidgetConfigurationActivity.java"},{"mutantId":"WidgetConfigurationActivity_9_FindViewByIdReturnsNullOperatorMutator","mutantIdNumber":9108,"mutantion":{"mutationOperatorArgumentsList":[],"operator":"FindViewByIdReturnsNullOperatorMutator","isAndroidSpecific":true},"mutationLine":75,"filePath":"it/feio/android/omninotes/widget/WidgetConfigurationActivity.java"},{"mutantId":"WidgetConfigurationActivity_10_InvalidIDFindViewOperatorMutator","mutantIdNumber":10108,"mutantion":{"mutationOperatorArgumentsList":[],"operator":"InvalidIDFindViewOperatorMutator","isAndroidSpecific":true},"mutationLine":75,"filePath":"it/feio/android/omninotes/widget/WidgetConfigurationActivity.java"},{"mutantId":"WidgetConfigurationActivity_11_InvalidViewFocusOperatorMutator","mutantIdNumber":11108,"mutantion":{"mutationOperatorArgumentsList":[],"operator":"InvalidViewFocusOperatorMutator","isAndroidSpecific":true},"filePath":"it/feio/android/omninotes/widget/WidgetConfigurationActivity.java"},{"mutantId":"WidgetConfigurationActivity_12_ViewComponentNotVisibleOperatorMutator","mutantIdNumber":12108,"mutantion":{"mutationOperatorArgumentsList":[],"operator":"ViewComponentNotVisibleOperatorMutator"},"filePath":"it/feio/android/omninotes/widget/WidgetConfigurationActivity.java"},{"mutantId":"WidgetConfigurationActivity_13_BuggyGUIListenerOperatorMutator","mutantIdNumber":13108,"mutantion":{"mutationOperatorArgumentsList":[],"operator":"BuggyGUIListenerOperatorMutator","isAndroidSpecific":true},"mutationLine":76,"filePath":"it/feio/android/omninotes/widget/WidgetConfigurationActivity.java"},{"mutantId":"WidgetConfigurationActivity_14_InvalidIDFindViewOperatorMutator","mutantIdNumber":14108,"mutantion":{"mutationOperatorArgumentsList":[],"operator":"InvalidIDFindViewOperatorMutator","isAndroidSpecific":true},"mutationLine":91,"filePath":"it/feio/android/omninotes/widget/WidgetConfigurationActivity.java"},{"mutantId":"WidgetConfigurationActivity_15_InvalidViewFocusOperatorMutator","mutantIdNumber":15108,"mutantion":{"mutationOperatorArgumentsList":[],"operator":"InvalidViewFocusOperatorMutator","isAndroidSpecific":true},"filePath":"it/feio/android/omninotes/widget/WidgetConfigurationActivity.java"},{"mutantId":"WidgetConfigurationActivity_16_ViewComponentNotVisibleOperatorMutator","mutantIdNumber":16108,"mutantion":{"mutationOperatorArgumentsList":[],"operator":"ViewComponentNotVisibleOperatorMutator"},"filePath":"it/feio/android/omninotes/widget/WidgetConfigurationActivity.java"},{"mutantId":"WidgetConfigurationActivity_17_InvalidIDFindViewOperatorMutator","mutantIdNumber":17108,"mutantion":{"mutationOperatorArgumentsList":[],"operator":"InvalidIDFindViewOperatorMutator","isAndroidSpecific":true},"mutationLine":92,"filePath":"it/feio/android/omninotes/widget/WidgetConfigurationActivity.java"},{"mutantId":"WidgetConfigurationActivity_18_InvalidViewFocusOperatorMutator","mutantIdNumber":18108,"mutantion":{"mutationOperatorArgumentsList":[],"operator":"InvalidViewFocusOperatorMutator","isAndroidSpecific":true},"filePath":"it/feio/android/omninotes/widget/WidgetConfigurationActivity.java"},{"mutantId":"WidgetConfigurationActivity_19_ViewComponentNotVisibleOperatorMutator","mutantIdNumber":19108,"mutantion":{"mutationOperatorArgumentsList":[],"operator":"ViewComponentNotVisibleOperatorMutator"},"filePath":"it/feio/android/omninotes/widget/WidgetConfigurationActivity.java"},{"mutantId":"WidgetConfigurationActivity_20_RandomActionIntentDefinitionOperatorMutator","mutantIdNumber":20108,"mutantion":{"mutationOperatorArgumentsList":[],"operator":"RandomActionIntentDefinitionOperatorMutator"},"mutationLine":98,"filePath":"it/feio/android/omninotes/widget/WidgetConfigurationActivity.java"},{"mutantId":"WidgetConfigurationActivity_21_NullValueIntentPutExtraOperatorMutator","mutantIdNumber":21108,"mutantion":{"mutationOperatorArgumentsList":[],"operator":"NullValueIntentPutExtraOperatorMutator","isAndroidSpecific":true},"mutationLine":99,"filePath":"it/feio/android/omninotes/widget/WidgetConfigurationActivity.java"},{"mutantId":"WidgetConfigurationActivity_22_IntentPayloadReplacementOperatorMutator","mutantIdNumber":22108,"mutantion":{"mutationOperatorArgumentsList":[],"operator":"IntentPayloadReplacementOperatorMutator","isAndroidSpecific":true},"mutationLine":99,"filePath":"it/feio/android/omninotes/widget/WidgetConfigurationActivity.java"},{"mutantId":"WidgetConfigurationActivity_23_RandomActionIntentDefinitionOperatorMutator","mutantIdNumber":23108,"mutantion":{"mutationOperatorArgumentsList":[],"operator":"RandomActionIntentDefinitionOperatorMutator"},"mutationLine":99,"filePath":"it/feio/android/omninotes/widget/WidgetConfigurationActivity.java"},{"mutantId":"WidgetConfigurationActivity_24_RandomActionIntentDefinitionOperatorMutator","mutantIdNumber":24108,"mutantion":{"mutationOperatorArgumentsList":[],"operator":"RandomActionIntentDefinitionOperatorMutator"},"mutationLine":111,"filePath":"it/feio/android/omninotes/widget/WidgetConfigurationActivity.java"},{"mutantId":"ListWidgetProvider_0_NullIntentOperatorMutator","mutantIdNumber":109,"mutantion":{"mutationOperatorArgumentsList":[],"operator":"NullIntentOperatorMutator","isAndroidSpecific":true},"mutationLine":68,"filePath":"it/feio/android/omninotes/widget/ListWidgetProvider.java"},{"mutantId":"ListWidgetProvider_1_InvalidKeyIntentOperatorMutator","mutantIdNumber":1109,"mutantion":{"mutationOperatorArgumentsList":[],"operator":"InvalidKeyIntentOperatorMutator","isAndroidSpecific":true},"mutationLine":68,"filePath":"it/feio/android/omninotes/widget/ListWidgetProvider.java"},{"mutantId":"ListWidgetProvider_2_RandomActionIntentDefinitionOperatorMutator","mutantIdNumber":2109,"mutantion":{"mutationOperatorArgumentsList":[],"operator":"RandomActionIntentDefinitionOperatorMutator"},"mutationLine":68,"filePath":"it/feio/android/omninotes/widget/ListWidgetProvider.java"},{"mutantId":"ListWidgetProvider_3_NullValueIntentPutExtraOperatorMutator","mutantIdNumber":3109,"mutantion":{"mutationOperatorArgumentsList":[],"operator":"NullValueIntentPutExtraOperatorMutator","isAndroidSpecific":true},"mutationLine":70,"filePath":"it/feio/android/omninotes/widget/ListWidgetProvider.java"},{"mutantId":"ListWidgetProvider_4_IntentPayloadReplacementOperatorMutator","mutantIdNumber":4109,"mutantion":{"mutationOperatorArgumentsList":[],"operator":"IntentPayloadReplacementOperatorMutator","isAndroidSpecific":true},"mutationLine":70,"filePath":"it/feio/android/omninotes/widget/ListWidgetProvider.java"},{"mutantId":"ListWidgetProvider_5_RandomActionIntentDefinitionOperatorMutator","mutantIdNumber":5109,"mutantion":{"mutationOperatorArgumentsList":[],"operator":"RandomActionIntentDefinitionOperatorMutator"},"mutationLine":70,"filePath":"it/feio/android/omninotes/widget/ListWidgetProvider.java"},{"mutantId":"ListWidgetProvider_6_RandomActionIntentDefinitionOperatorMutator","mutantIdNumber":6109,"mutantion":{"mutationOperatorArgumentsList":[],"operator":"RandomActionIntentDefinitionOperatorMutator"},"mutationLine":71,"filePath":"it/feio/android/omninotes/widget/ListWidgetProvider.java"},{"mutantId":"ListWidgetProvider_7_NullIntentOperatorMutator","mutantIdNumber":7109,"mutantion":{"mutationOperatorArgumentsList":[],"operator":"NullIntentOperatorMutator","isAndroidSpecific":true},"mutationLine":75,"filePath":"it/feio/android/omninotes/widget/ListWidgetProvider.java"},{"mutantId":"ListWidgetProvider_8_InvalidKeyIntentOperatorMutator","mutantIdNumber":8109,"mutantion":{"mutationOperatorArgumentsList":[],"operator":"InvalidKeyIntentOperatorMutator","isAndroidSpecific":true},"mutationLine":75,"filePath":"it/feio/android/omninotes/widget/ListWidgetProvider.java"},{"mutantId":"ListWidgetProvider_9_RandomActionIntentDefinitionOperatorMutator","mutantIdNumber":9109,"mutantion":{"mutationOperatorArgumentsList":[],"operator":"RandomActionIntentDefinitionOperatorMutator"},"mutationLine":75,"filePath":"it/feio/android/omninotes/widget/ListWidgetProvider.java"},{"mutantId":"ListWidgetProvider_10_RandomActionIntentDefinitionOperatorMutator","mutantIdNumber":10109,"mutantion":{"mutationOperatorArgumentsList":[],"operator":"RandomActionIntentDefinitionOperatorMutator"},"mutationLine":76,"filePath":"it/feio/android/omninotes/widget/ListWidgetProvider.java"},{"mutantId":"WidgetProvider_0_NullIntentOperatorMutator","mutantIdNumber":111,"mutantion":{"mutationOperatorArgumentsList":[],"operator":"NullIntentOperatorMutator","isAndroidSpecific":true},"mutationLine":75,"filePath":"it/feio/android/omninotes/widget/WidgetProvider.java"},{"mutantId":"WidgetProvider_1_InvalidKeyIntentOperatorMutator","mutantIdNumber":1111,"mutantion":{"mutationOperatorArgumentsList":[],"operator":"InvalidKeyIntentOperatorMutator","isAndroidSpecific":true},"mutationLine":75,"filePath":"it/feio/android/omninotes/widget/WidgetProvider.java"},{"mutantId":"WidgetProvider_2_RandomActionIntentDefinitionOperatorMutator","mutantIdNumber":2111,"mutantion":{"mutationOperatorArgumentsList":[],"operator":"RandomActionIntentDefinitionOperatorMutator"},"mutationLine":75,"filePath":"it/feio/android/omninotes/widget/WidgetProvider.java"},{"mutantId":"WidgetProvider_3_RandomActionIntentDefinitionOperatorMutator","mutantIdNumber":3111,"mutantion":{"mutationOperatorArgumentsList":[],"operator":"RandomActionIntentDefinitionOperatorMutator"},"mutationLine":76,"filePath":"it/feio/android/omninotes/widget/WidgetProvider.java"},{"mutantId":"WidgetProvider_4_NullValueIntentPutExtraOperatorMutator","mutantIdNumber":4111,"mutantion":{"mutationOperatorArgumentsList":[],"operator":"NullValueIntentPutExtraOperatorMutator","isAndroidSpecific":true},"mutationLine":77,"filePath":"it/feio/android/omninotes/widget/WidgetProvider.java"},{"mutantId":"WidgetProvider_5_IntentPayloadReplacementOperatorMutator","mutantIdNumber":5111,"mutantion":{"mutationOperatorArgumentsList":[],"operator":"IntentPayloadReplacementOperatorMutator","isAndroidSpecific":true},"mutationLine":77,"filePath":"it/feio/android/omninotes/widget/WidgetProvider.java"},{"mutantId":"WidgetProvider_6_RandomActionIntentDefinitionOperatorMutator","mutantIdNumber":6111,"mutantion":{"mutationOperatorArgumentsList":[],"operator":"RandomActionIntentDefinitionOperatorMutator"},"mutationLine":77,"filePath":"it/feio/android/omninotes/widget/WidgetProvider.java"},{"mutantId":"WidgetProvider_7_NullIntentOperatorMutator","mutantIdNumber":7111,"mutantion":{"mutationOperatorArgumentsList":[],"operator":"NullIntentOperatorMutator","isAndroidSpecific":true},"mutationLine":82,"filePath":"it/feio/android/omninotes/widget/WidgetProvider.java"},{"mutantId":"WidgetProvider_8_InvalidKeyIntentOperatorMutator","mutantIdNumber":8111,"mutantion":{"mutationOperatorArgumentsList":[],"operator":"InvalidKeyIntentOperatorMutator","isAndroidSpecific":true},"mutationLine":82,"filePath":"it/feio/android/omninotes/widget/WidgetProvider.java"},{"mutantId":"WidgetProvider_9_RandomActionIntentDefinitionOperatorMutator","mutantIdNumber":9111,"mutantion":{"mutationOperatorArgumentsList":[],"operator":"RandomActionIntentDefinitionOperatorMutator"},"mutationLine":82,"filePath":"it/feio/android/omninotes/widget/WidgetProvider.java"},{"mutantId":"WidgetProvider_10_RandomActionIntentDefinitionOperatorMutator","mutantIdNumber":10111,"mutantion":{"mutationOperatorArgumentsList":[],"operator":"RandomActionIntentDefinitionOperatorMutator"},"mutationLine":83,"filePath":"it/feio/android/omninotes/widget/WidgetProvider.java"},{"mutantId":"WidgetProvider_11_NullValueIntentPutExtraOperatorMutator","mutantIdNumber":11111,"mutantion":{"mutationOperatorArgumentsList":[],"operator":"NullValueIntentPutExtraOperatorMutator","isAndroidSpecific":true},"mutationLine":84,"filePath":"it/feio/android/omninotes/widget/WidgetProvider.java"},{"mutantId":"WidgetProvider_12_IntentPayloadReplacementOperatorMutator","mutantIdNumber":12111,"mutantion":{"mutationOperatorArgumentsList":[],"operator":"IntentPayloadReplacementOperatorMutator","isAndroidSpecific":true},"mutationLine":84,"filePath":"it/feio/android/omninotes/widget/WidgetProvider.java"},{"mutantId":"WidgetProvider_13_RandomActionIntentDefinitionOperatorMutator","mutantIdNumber":13111,"mutantion":{"mutationOperatorArgumentsList":[],"operator":"RandomActionIntentDefinitionOperatorMutator"},"mutationLine":84,"filePath":"it/feio/android/omninotes/widget/WidgetProvider.java"},{"mutantId":"WidgetProvider_14_NullIntentOperatorMutator","mutantIdNumber":14111,"mutantion":{"mutationOperatorArgumentsList":[],"operator":"NullIntentOperatorMutator","isAndroidSpecific":true},"mutationLine":89,"filePath":"it/feio/android/omninotes/widget/WidgetProvider.java"},{"mutantId":"WidgetProvider_15_InvalidKeyIntentOperatorMutator","mutantIdNumber":15111,"mutantion":{"mutationOperatorArgumentsList":[],"operator":"InvalidKeyIntentOperatorMutator","isAndroidSpecific":true},"mutationLine":89,"filePath":"it/feio/android/omninotes/widget/WidgetProvider.java"},{"mutantId":"WidgetProvider_16_RandomActionIntentDefinitionOperatorMutator","mutantIdNumber":16111,"mutantion":{"mutationOperatorArgumentsList":[],"operator":"RandomActionIntentDefinitionOperatorMutator"},"mutationLine":89,"filePath":"it/feio/android/omninotes/widget/WidgetProvider.java"},{"mutantId":"WidgetProvider_17_RandomActionIntentDefinitionOperatorMutator","mutantIdNumber":17111,"mutantion":{"mutationOperatorArgumentsList":[],"operator":"RandomActionIntentDefinitionOperatorMutator"},"mutationLine":90,"filePath":"it/feio/android/omninotes/widget/WidgetProvider.java"},{"mutantId":"WidgetProvider_18_NullValueIntentPutExtraOperatorMutator","mutantIdNumber":18111,"mutantion":{"mutationOperatorArgumentsList":[],"operator":"NullValueIntentPutExtraOperatorMutator","isAndroidSpecific":true},"mutationLine":91,"filePath":"it/feio/android/omninotes/widget/WidgetProvider.java"},{"mutantId":"WidgetProvider_19_IntentPayloadReplacementOperatorMutator","mutantIdNumber":19111,"mutantion":{"mutationOperatorArgumentsList":[],"operator":"IntentPayloadReplacementOperatorMutator","isAndroidSpecific":true},"mutationLine":91,"filePath":"it/feio/android/omninotes/widget/WidgetProvider.java"},{"mutantId":"WidgetProvider_20_RandomActionIntentDefinitionOperatorMutator","mutantIdNumber":20111,"mutantion":{"mutationOperatorArgumentsList":[],"operator":"RandomActionIntentDefinitionOperatorMutator"},"mutationLine":91,"filePath":"it/feio/android/omninotes/widget/WidgetProvider.java"},{"mutantId":"RecurrenceHelper_0_BinaryMutator","mutantIdNumber":115,"mutantion":{"mutationOperatorArgumentsList":["+","-"],"operator":"BinaryMutator","isAndroidSpecific":false},"mutationLine":71,"filePath":"it/feio/android/omninotes/helpers/date/RecurrenceHelper.java"},{"mutantId":"RecurrenceHelper_1_BinaryMutator","mutantIdNumber":1115,"mutantion":{"mutationOperatorArgumentsList":["*","/"],"operator":"BinaryMutator","isAndroidSpecific":false},"mutationLine":71,"filePath":"it/feio/android/omninotes/helpers/date/RecurrenceHelper.java"},{"mutantId":"DateHelper_0_BinaryMutator","mutantIdNumber":116,"mutantion":{"mutationOperatorArgumentsList":["/","*"],"operator":"BinaryMutator","isAndroidSpecific":false},"mutationLine":106,"filePath":"it/feio/android/omninotes/helpers/date/DateHelper.java"},{"mutantId":"DateHelper_1_BinaryMutator","mutantIdNumber":1116,"mutantion":{"mutationOperatorArgumentsList":["/","*"],"operator":"BinaryMutator","isAndroidSpecific":false},"mutationLine":106,"filePath":"it/feio/android/omninotes/helpers/date/DateHelper.java"},{"mutantId":"DateHelper_2_BinaryMutator","mutantIdNumber":2116,"mutantion":{"mutationOperatorArgumentsList":["/","*"],"operator":"BinaryMutator","isAndroidSpecific":false},"mutationLine":107,"filePath":"it/feio/android/omninotes/helpers/date/DateHelper.java"},{"mutantId":"DefaultWordCounter_0_BinaryMutator","mutantIdNumber":121,"mutantion":{"mutationOperatorArgumentsList":["-","+"],"operator":"BinaryMutator","isAndroidSpecific":false},"mutationLine":32,"filePath":"it/feio/android/omninotes/helpers/count/DefaultWordCounter.java"},{"mutantId":"BackupHelper_0_NullIntentOperatorMutator","mutantIdNumber":124,"mutantion":{"mutationOperatorArgumentsList":[],"operator":"NullIntentOperatorMutator","isAndroidSpecific":true},"mutationLine":243,"filePath":"it/feio/android/omninotes/helpers/BackupHelper.java"},{"mutantId":"BackupHelper_1_InvalidKeyIntentOperatorMutator","mutantIdNumber":1124,"mutantion":{"mutationOperatorArgumentsList":[],"operator":"InvalidKeyIntentOperatorMutator","isAndroidSpecific":true},"mutationLine":243,"filePath":"it/feio/android/omninotes/helpers/BackupHelper.java"},{"mutantId":"BackupHelper_2_RandomActionIntentDefinitionOperatorMutator","mutantIdNumber":2124,"mutantion":{"mutationOperatorArgumentsList":[],"operator":"RandomActionIntentDefinitionOperatorMutator"},"mutationLine":243,"filePath":"it/feio/android/omninotes/helpers/BackupHelper.java"},{"mutantId":"BackupHelper_3_RandomActionIntentDefinitionOperatorMutator","mutantIdNumber":3124,"mutantion":{"mutationOperatorArgumentsList":[],"operator":"RandomActionIntentDefinitionOperatorMutator"},"mutationLine":244,"filePath":"it/feio/android/omninotes/helpers/BackupHelper.java"},{"mutantId":"BackupHelper_4_NullValueIntentPutExtraOperatorMutator","mutantIdNumber":4124,"mutantion":{"mutationOperatorArgumentsList":[],"operator":"NullValueIntentPutExtraOperatorMutator","isAndroidSpecific":true},"mutationLine":245,"filePath":"it/feio/android/omninotes/helpers/BackupHelper.java"},{"mutantId":"BackupHelper_5_IntentPayloadReplacementOperatorMutator","mutantIdNumber":5124,"mutantion":{"mutationOperatorArgumentsList":[],"operator":"IntentPayloadReplacementOperatorMutator","isAndroidSpecific":true},"mutationLine":245,"filePath":"it/feio/android/omninotes/helpers/BackupHelper.java"},{"mutantId":"BackupHelper_6_RandomActionIntentDefinitionOperatorMutator","mutantIdNumber":6124,"mutantion":{"mutationOperatorArgumentsList":[],"operator":"RandomActionIntentDefinitionOperatorMutator"},"mutationLine":245,"filePath":"it/feio/android/omninotes/helpers/BackupHelper.java"},{"mutantId":"BackupHelper_7_BinaryMutator","mutantIdNumber":7124,"mutantion":{"mutationOperatorArgumentsList":["-","+"],"operator":"BinaryMutator","isAndroidSpecific":false},"mutationLine":327,"filePath":"it/feio/android/omninotes/helpers/BackupHelper.java"},{"mutantId":"NotesHelper_0_BinaryMutator","mutantIdNumber":125,"mutantion":{"mutationOperatorArgumentsList":["+","-"],"operator":"BinaryMutator","isAndroidSpecific":false},"mutationLine":139,"filePath":"it/feio/android/omninotes/helpers/NotesHelper.java"},{"mutantId":"AppVersionHelper_0_BinaryMutator","mutantIdNumber":126,"mutantion":{"mutationOperatorArgumentsList":["-","+"],"operator":"BinaryMutator","isAndroidSpecific":false},"mutationLine":39,"filePath":"it/feio/android/omninotes/helpers/AppVersionHelper.java"},{"mutantId":"IntentHelper_0_NullIntentOperatorMutator","mutantIdNumber":128,"mutantion":{"mutationOperatorArgumentsList":[],"operator":"NullIntentOperatorMutator","isAndroidSpecific":true},"mutationLine":38,"filePath":"it/feio/android/omninotes/helpers/IntentHelper.java"},{"mutantId":"IntentHelper_1_InvalidKeyIntentOperatorMutator","mutantIdNumber":1128,"mutantion":{"mutationOperatorArgumentsList":[],"operator":"InvalidKeyIntentOperatorMutator","isAndroidSpecific":true},"mutationLine":38,"filePath":"it/feio/android/omninotes/helpers/IntentHelper.java"},{"mutantId":"IntentHelper_2_RandomActionIntentDefinitionOperatorMutator","mutantIdNumber":2128,"mutantion":{"mutationOperatorArgumentsList":[],"operator":"RandomActionIntentDefinitionOperatorMutator"},"mutationLine":38,"filePath":"it/feio/android/omninotes/helpers/IntentHelper.java"},{"mutantId":"IntentHelper_3_RandomActionIntentDefinitionOperatorMutator","mutantIdNumber":3128,"mutantion":{"mutationOperatorArgumentsList":[],"operator":"RandomActionIntentDefinitionOperatorMutator"},"mutationLine":39,"filePath":"it/feio/android/omninotes/helpers/IntentHelper.java"},{"mutantId":"IntentHelper_4_RandomActionIntentDefinitionOperatorMutator","mutantIdNumber":4128,"mutantion":{"mutationOperatorArgumentsList":[],"operator":"RandomActionIntentDefinitionOperatorMutator"},"mutationLine":42,"filePath":"it/feio/android/omninotes/helpers/IntentHelper.java"},{"mutantId":"IntentHelper_5_RandomActionIntentDefinitionOperatorMutator","mutantIdNumber":5128,"mutantion":{"mutationOperatorArgumentsList":[],"operator":"RandomActionIntentDefinitionOperatorMutator"},"mutationLine":55,"filePath":"it/feio/android/omninotes/helpers/IntentHelper.java"},{"mutantId":"PermissionsHelper_0_BuggyGUIListenerOperatorMutator","mutantIdNumber":133,"mutantion":{"mutationOperatorArgumentsList":[],"operator":"BuggyGUIListenerOperatorMutator","isAndroidSpecific":true},"mutationLine":53,"filePath":"it/feio/android/omninotes/helpers/PermissionsHelper.java"},{"mutantId":"ONDashClockExtension_0_NullIntentOperatorMutator","mutantIdNumber":134,"mutantion":{"mutationOperatorArgumentsList":[],"operator":"NullIntentOperatorMutator","isAndroidSpecific":true},"mutationLine":102,"filePath":"it/feio/android/omninotes/extensions/ONDashClockExtension.java"},{"mutantId":"ONDashClockExtension_1_InvalidKeyIntentOperatorMutator","mutantIdNumber":1134,"mutantion":{"mutationOperatorArgumentsList":[],"operator":"InvalidKeyIntentOperatorMutator","isAndroidSpecific":true},"mutationLine":102,"filePath":"it/feio/android/omninotes/extensions/ONDashClockExtension.java"},{"mutantId":"ONDashClockExtension_2_RandomActionIntentDefinitionOperatorMutator","mutantIdNumber":2134,"mutantion":{"mutationOperatorArgumentsList":[],"operator":"RandomActionIntentDefinitionOperatorMutator"},"mutationLine":102,"filePath":"it/feio/android/omninotes/extensions/ONDashClockExtension.java"},{"mutantId":"ONDashClockExtension_3_RandomActionIntentDefinitionOperatorMutator","mutantIdNumber":3134,"mutantion":{"mutationOperatorArgumentsList":[],"operator":"RandomActionIntentDefinitionOperatorMutator"},"mutationLine":103,"filePath":"it/feio/android/omninotes/extensions/ONDashClockExtension.java"},{"mutantId":"ONDashClockExtension_4_BinaryMutator","mutantIdNumber":4134,"mutantion":{"mutationOperatorArgumentsList":["/","*"],"operator":"BinaryMutator","isAndroidSpecific":false},"mutationLine":134,"filePath":"it/feio/android/omninotes/extensions/ONDashClockExtension.java"},{"mutantId":"ONDashClockExtension_5_BinaryMutator","mutantIdNumber":5134,"mutantion":{"mutationOperatorArgumentsList":["-","+"],"operator":"BinaryMutator","isAndroidSpecific":false},"mutationLine":134,"filePath":"it/feio/android/omninotes/extensions/ONDashClockExtension.java"},{"mutantId":"ONDashClockExtension_6_BinaryMutator","mutantIdNumber":6134,"mutantion":{"mutationOperatorArgumentsList":["*","/"],"operator":"BinaryMutator","isAndroidSpecific":false},"mutationLine":134,"filePath":"it/feio/android/omninotes/extensions/ONDashClockExtension.java"},{"mutantId":"ONDashClockExtension_7_BinaryMutator","mutantIdNumber":7134,"mutantion":{"mutationOperatorArgumentsList":["*","/"],"operator":"BinaryMutator","isAndroidSpecific":false},"mutationLine":134,"filePath":"it/feio/android/omninotes/extensions/ONDashClockExtension.java"},{"mutantId":"StatsActivity_0_LengthyGUICreationOperatorMutator","mutantIdNumber":136,"mutantion":{"mutationOperatorArgumentsList":[],"operator":"LengthyGUICreationOperatorMutator","isAndroidSpecific":true},"mutationLine":33,"filePath":"it/feio/android/omninotes/StatsActivity.java"},{"mutantId":"ShortcutActivity_0_LengthyGUICreationOperatorMutator","mutantIdNumber":137,"mutantion":{"mutationOperatorArgumentsList":[],"operator":"LengthyGUICreationOperatorMutator","isAndroidSpecific":true},"mutationLine":31,"filePath":"it/feio/android/omninotes/ShortcutActivity.java"},{"mutantId":"ShortcutActivity_1_NullIntentOperatorMutator","mutantIdNumber":1137,"mutantion":{"mutationOperatorArgumentsList":[],"operator":"NullIntentOperatorMutator","isAndroidSpecific":true},"mutationLine":33,"filePath":"it/feio/android/omninotes/ShortcutActivity.java"},{"mutantId":"ShortcutActivity_2_InvalidKeyIntentOperatorMutator","mutantIdNumber":2137,"mutantion":{"mutationOperatorArgumentsList":[],"operator":"InvalidKeyIntentOperatorMutator","isAndroidSpecific":true},"mutationLine":33,"filePath":"it/feio/android/omninotes/ShortcutActivity.java"},{"mutantId":"ShortcutActivity_3_RandomActionIntentDefinitionOperatorMutator","mutantIdNumber":3137,"mutantion":{"mutationOperatorArgumentsList":[],"operator":"RandomActionIntentDefinitionOperatorMutator"},"mutationLine":33,"filePath":"it/feio/android/omninotes/ShortcutActivity.java"},{"mutantId":"ShortcutActivity_4_RandomActionIntentDefinitionOperatorMutator","mutantIdNumber":4137,"mutantion":{"mutationOperatorArgumentsList":[],"operator":"RandomActionIntentDefinitionOperatorMutator"},"mutationLine":34,"filePath":"it/feio/android/omninotes/ShortcutActivity.java"},{"mutantId":"ShortcutActivity_5_NullIntentOperatorMutator","mutantIdNumber":5137,"mutantion":{"mutationOperatorArgumentsList":[],"operator":"NullIntentOperatorMutator","isAndroidSpecific":true},"mutationLine":39,"filePath":"it/feio/android/omninotes/ShortcutActivity.java"},{"mutantId":"ShortcutActivity_6_RandomActionIntentDefinitionOperatorMutator","mutantIdNumber":6137,"mutantion":{"mutationOperatorArgumentsList":[],"operator":"RandomActionIntentDefinitionOperatorMutator"},"mutationLine":39,"filePath":"it/feio/android/omninotes/ShortcutActivity.java"},{"mutantId":"ShortcutActivity_7_NullValueIntentPutExtraOperatorMutator","mutantIdNumber":7137,"mutantion":{"mutationOperatorArgumentsList":[],"operator":"NullValueIntentPutExtraOperatorMutator","isAndroidSpecific":true},"mutationLine":40,"filePath":"it/feio/android/omninotes/ShortcutActivity.java"},{"mutantId":"ShortcutActivity_8_IntentPayloadReplacementOperatorMutator","mutantIdNumber":8137,"mutantion":{"mutationOperatorArgumentsList":[],"operator":"IntentPayloadReplacementOperatorMutator","isAndroidSpecific":true},"mutationLine":40,"filePath":"it/feio/android/omninotes/ShortcutActivity.java"},{"mutantId":"ShortcutActivity_9_RandomActionIntentDefinitionOperatorMutator","mutantIdNumber":9137,"mutantion":{"mutationOperatorArgumentsList":[],"operator":"RandomActionIntentDefinitionOperatorMutator"},"mutationLine":40,"filePath":"it/feio/android/omninotes/ShortcutActivity.java"},{"mutantId":"ShortcutActivity_10_NullValueIntentPutExtraOperatorMutator","mutantIdNumber":10137,"mutantion":{"mutationOperatorArgumentsList":[],"operator":"NullValueIntentPutExtraOperatorMutator","isAndroidSpecific":true},"mutationLine":41,"filePath":"it/feio/android/omninotes/ShortcutActivity.java"},{"mutantId":"ShortcutActivity_11_IntentPayloadReplacementOperatorMutator","mutantIdNumber":11137,"mutantion":{"mutationOperatorArgumentsList":[],"operator":"IntentPayloadReplacementOperatorMutator","isAndroidSpecific":true},"mutationLine":41,"filePath":"it/feio/android/omninotes/ShortcutActivity.java"},{"mutantId":"ShortcutActivity_12_RandomActionIntentDefinitionOperatorMutator","mutantIdNumber":12137,"mutantion":{"mutationOperatorArgumentsList":[],"operator":"RandomActionIntentDefinitionOperatorMutator"},"mutationLine":41,"filePath":"it/feio/android/omninotes/ShortcutActivity.java"},{"mutantId":"ShortcutActivity_13_NullValueIntentPutExtraOperatorMutator","mutantIdNumber":13137,"mutantion":{"mutationOperatorArgumentsList":[],"operator":"NullValueIntentPutExtraOperatorMutator","isAndroidSpecific":true},"mutationLine":42,"filePath":"it/feio/android/omninotes/ShortcutActivity.java"},{"mutantId":"ShortcutActivity_14_IntentPayloadReplacementOperatorMutator","mutantIdNumber":14137,"mutantion":{"mutationOperatorArgumentsList":[],"operator":"IntentPayloadReplacementOperatorMutator","isAndroidSpecific":true},"mutationLine":42,"filePath":"it/feio/android/omninotes/ShortcutActivity.java"},{"mutantId":"ShortcutActivity_15_RandomActionIntentDefinitionOperatorMutator","mutantIdNumber":15137,"mutantion":{"mutationOperatorArgumentsList":[],"operator":"RandomActionIntentDefinitionOperatorMutator"},"mutationLine":42,"filePath":"it/feio/android/omninotes/ShortcutActivity.java"},{"mutantId":"SnoozeActivity_0_LengthyGUICreationOperatorMutator","mutantIdNumber":138,"mutantion":{"mutationOperatorArgumentsList":[],"operator":"LengthyGUICreationOperatorMutator","isAndroidSpecific":true},"mutationLine":77,"filePath":"it/feio/android/omninotes/SnoozeActivity.java"},{"mutantId":"SnoozeActivity_1_BinaryMutator","mutantIdNumber":1138,"mutantion":{"mutationOperatorArgumentsList":["+","-"],"operator":"BinaryMutator","isAndroidSpecific":false},"mutationLine":96,"filePath":"it/feio/android/omninotes/SnoozeActivity.java"},{"mutantId":"SnoozeActivity_2_BinaryMutator","mutantIdNumber":2138,"mutantion":{"mutationOperatorArgumentsList":["*","/"],"operator":"BinaryMutator","isAndroidSpecific":false},"mutationLine":96,"filePath":"it/feio/android/omninotes/SnoozeActivity.java"},{"mutantId":"SnoozeActivity_3_BinaryMutator","mutantIdNumber":3138,"mutantion":{"mutationOperatorArgumentsList":["*","/"],"operator":"BinaryMutator","isAndroidSpecific":false},"mutationLine":96,"filePath":"it/feio/android/omninotes/SnoozeActivity.java"},{"mutantId":"SnoozeActivity_4_NullIntentOperatorMutator","mutantIdNumber":4138,"mutantion":{"mutationOperatorArgumentsList":[],"operator":"NullIntentOperatorMutator","isAndroidSpecific":true},"mutationLine":102,"filePath":"it/feio/android/omninotes/SnoozeActivity.java"},{"mutantId":"SnoozeActivity_5_InvalidKeyIntentOperatorMutator","mutantIdNumber":5138,"mutantion":{"mutationOperatorArgumentsList":[],"operator":"InvalidKeyIntentOperatorMutator","isAndroidSpecific":true},"mutationLine":102,"filePath":"it/feio/android/omninotes/SnoozeActivity.java"},{"mutantId":"SnoozeActivity_6_RandomActionIntentDefinitionOperatorMutator","mutantIdNumber":6138,"mutantion":{"mutationOperatorArgumentsList":[],"operator":"RandomActionIntentDefinitionOperatorMutator"},"mutationLine":102,"filePath":"it/feio/android/omninotes/SnoozeActivity.java"},{"mutantId":"SnoozeActivity_7_NullValueIntentPutExtraOperatorMutator","mutantIdNumber":7138,"mutantion":{"mutationOperatorArgumentsList":[],"operator":"NullValueIntentPutExtraOperatorMutator","isAndroidSpecific":true},"mutationLine":103,"filePath":"it/feio/android/omninotes/SnoozeActivity.java"},{"mutantId":"SnoozeActivity_8_IntentPayloadReplacementOperatorMutator","mutantIdNumber":8138,"mutantion":{"mutationOperatorArgumentsList":[],"operator":"IntentPayloadReplacementOperatorMutator","isAndroidSpecific":true},"mutationLine":103,"filePath":"it/feio/android/omninotes/SnoozeActivity.java"},{"mutantId":"SnoozeActivity_9_RandomActionIntentDefinitionOperatorMutator","mutantIdNumber":9138,"mutantion":{"mutationOperatorArgumentsList":[],"operator":"RandomActionIntentDefinitionOperatorMutator"},"mutationLine":103,"filePath":"it/feio/android/omninotes/SnoozeActivity.java"},{"mutantId":"SnoozeActivity_10_RandomActionIntentDefinitionOperatorMutator","mutantIdNumber":10138,"mutantion":{"mutationOperatorArgumentsList":[],"operator":"RandomActionIntentDefinitionOperatorMutator"},"mutationLine":104,"filePath":"it/feio/android/omninotes/SnoozeActivity.java"},{"mutantId":"MainActivity_0_LengthyGUICreationOperatorMutator","mutantIdNumber":139,"mutantion":{"mutationOperatorArgumentsList":[],"operator":"LengthyGUICreationOperatorMutator","isAndroidSpecific":true},"mutationLine":101,"filePath":"it/feio/android/omninotes/MainActivity.java"},{"mutantId":"MainActivity_1_RandomActionIntentDefinitionOperatorMutator","mutantIdNumber":1139,"mutantion":{"mutationOperatorArgumentsList":[],"operator":"RandomActionIntentDefinitionOperatorMutator"},"mutationLine":223,"filePath":"it/feio/android/omninotes/MainActivity.java"},{"mutantId":"MainActivity_2_RandomActionIntentDefinitionOperatorMutator","mutantIdNumber":2139,"mutantion":{"mutationOperatorArgumentsList":[],"operator":"RandomActionIntentDefinitionOperatorMutator"},"mutationLine":383,"filePath":"it/feio/android/omninotes/MainActivity.java"},{"mutantId":"MainActivity_3_NullIntentOperatorMutator","mutantIdNumber":3139,"mutantion":{"mutationOperatorArgumentsList":[],"operator":"NullIntentOperatorMutator","isAndroidSpecific":true},"mutationLine":516,"filePath":"it/feio/android/omninotes/MainActivity.java"},{"mutantId":"MainActivity_4_RandomActionIntentDefinitionOperatorMutator","mutantIdNumber":4139,"mutantion":{"mutationOperatorArgumentsList":[],"operator":"RandomActionIntentDefinitionOperatorMutator"},"mutationLine":516,"filePath":"it/feio/android/omninotes/MainActivity.java"},{"mutantId":"MainActivity_5_RandomActionIntentDefinitionOperatorMutator","mutantIdNumber":5139,"mutantion":{"mutationOperatorArgumentsList":[],"operator":"RandomActionIntentDefinitionOperatorMutator"},"mutationLine":519,"filePath":"it/feio/android/omninotes/MainActivity.java"},{"mutantId":"MainActivity_6_RandomActionIntentDefinitionOperatorMutator","mutantIdNumber":6139,"mutantion":{"mutationOperatorArgumentsList":[],"operator":"RandomActionIntentDefinitionOperatorMutator"},"mutationLine":520,"filePath":"it/feio/android/omninotes/MainActivity.java"},{"mutantId":"MainActivity_7_RandomActionIntentDefinitionOperatorMutator","mutantIdNumber":7139,"mutantion":{"mutationOperatorArgumentsList":[],"operator":"RandomActionIntentDefinitionOperatorMutator"},"mutationLine":527,"filePath":"it/feio/android/omninotes/MainActivity.java"},{"mutantId":"MainActivity_8_RandomActionIntentDefinitionOperatorMutator","mutantIdNumber":8139,"mutantion":{"mutationOperatorArgumentsList":[],"operator":"RandomActionIntentDefinitionOperatorMutator"},"mutationLine":528,"filePath":"it/feio/android/omninotes/MainActivity.java"},{"mutantId":"MainActivity_9_NullValueIntentPutExtraOperatorMutator","mutantIdNumber":9139,"mutantion":{"mutationOperatorArgumentsList":[],"operator":"NullValueIntentPutExtraOperatorMutator","isAndroidSpecific":true},"mutationLine":529,"filePath":"it/feio/android/omninotes/MainActivity.java"},{"mutantId":"MainActivity_10_IntentPayloadReplacementOperatorMutator","mutantIdNumber":10139,"mutantion":{"mutationOperatorArgumentsList":[],"operator":"IntentPayloadReplacementOperatorMutator","isAndroidSpecific":true},"mutationLine":529,"filePath":"it/feio/android/omninotes/MainActivity.java"},{"mutantId":"MainActivity_11_RandomActionIntentDefinitionOperatorMutator","mutantIdNumber":11139,"mutantion":{"mutationOperatorArgumentsList":[],"operator":"RandomActionIntentDefinitionOperatorMutator"},"mutationLine":529,"filePath":"it/feio/android/omninotes/MainActivity.java"},{"mutantId":"MainActivity_12_RandomActionIntentDefinitionOperatorMutator","mutantIdNumber":12139,"mutantion":{"mutationOperatorArgumentsList":[],"operator":"RandomActionIntentDefinitionOperatorMutator"},"mutationLine":533,"filePath":"it/feio/android/omninotes/MainActivity.java"},{"mutantId":"MainActivity_13_RandomActionIntentDefinitionOperatorMutator","mutantIdNumber":13139,"mutantion":{"mutationOperatorArgumentsList":[],"operator":"RandomActionIntentDefinitionOperatorMutator"},"mutationLine":546,"filePath":"it/feio/android/omninotes/MainActivity.java"},{"mutantId":"MainActivity_14_RandomActionIntentDefinitionOperatorMutator","mutantIdNumber":14139,"mutantion":{"mutationOperatorArgumentsList":[],"operator":"RandomActionIntentDefinitionOperatorMutator"},"mutationLine":548,"filePath":"it/feio/android/omninotes/MainActivity.java"},{"mutantId":"MainActivity_15_RandomActionIntentDefinitionOperatorMutator","mutantIdNumber":15139,"mutantion":{"mutationOperatorArgumentsList":[],"operator":"RandomActionIntentDefinitionOperatorMutator"},"mutationLine":551,"filePath":"it/feio/android/omninotes/MainActivity.java"},{"mutantId":"MainActivity_16_NullValueIntentPutExtraOperatorMutator","mutantIdNumber":16139,"mutantion":{"mutationOperatorArgumentsList":[],"operator":"NullValueIntentPutExtraOperatorMutator","isAndroidSpecific":true},"mutationLine":553,"filePath":"it/feio/android/omninotes/MainActivity.java"},{"mutantId":"MainActivity_17_IntentPayloadReplacementOperatorMutator","mutantIdNumber":17139,"mutantion":{"mutationOperatorArgumentsList":[],"operator":"IntentPayloadReplacementOperatorMutator","isAndroidSpecific":true},"mutationLine":553,"filePath":"it/feio/android/omninotes/MainActivity.java"},{"mutantId":"MainActivity_18_RandomActionIntentDefinitionOperatorMutator","mutantIdNumber":18139,"mutantion":{"mutationOperatorArgumentsList":[],"operator":"RandomActionIntentDefinitionOperatorMutator"},"mutationLine":553,"filePath":"it/feio/android/omninotes/MainActivity.java"},{"mutantId":"MainActivity_19_NullValueIntentPutExtraOperatorMutator","mutantIdNumber":19139,"mutantion":{"mutationOperatorArgumentsList":[],"operator":"NullValueIntentPutExtraOperatorMutator","isAndroidSpecific":true},"mutationLine":554,"filePath":"it/feio/android/omninotes/MainActivity.java"},{"mutantId":"MainActivity_20_IntentPayloadReplacementOperatorMutator","mutantIdNumber":20139,"mutantion":{"mutationOperatorArgumentsList":[],"operator":"IntentPayloadReplacementOperatorMutator","isAndroidSpecific":true},"mutationLine":554,"filePath":"it/feio/android/omninotes/MainActivity.java"},{"mutantId":"MainActivity_21_RandomActionIntentDefinitionOperatorMutator","mutantIdNumber":21139,"mutantion":{"mutationOperatorArgumentsList":[],"operator":"RandomActionIntentDefinitionOperatorMutator"},"mutationLine":554,"filePath":"it/feio/android/omninotes/MainActivity.java"},{"mutantId":"NavigationDrawerFragment_0_LengthyGUICreationOperatorMutator","mutantIdNumber":140,"mutantion":{"mutationOperatorArgumentsList":[],"operator":"LengthyGUICreationOperatorMutator","isAndroidSpecific":true},"mutationLine":63,"filePath":"it/feio/android/omninotes/NavigationDrawerFragment.java"},{"mutantId":"NavigationDrawerFragment_1_InvalidViewFocusOperatorMutator","mutantIdNumber":1140,"mutantion":{"mutationOperatorArgumentsList":[],"operator":"InvalidViewFocusOperatorMutator","isAndroidSpecific":true},"mutationLine":166,"filePath":"it/feio/android/omninotes/NavigationDrawerFragment.java"},{"mutantId":"NavigationDrawerFragment_2_ViewComponentNotVisibleOperatorMutator","mutantIdNumber":2140,"mutantion":{"mutationOperatorArgumentsList":[],"operator":"ViewComponentNotVisibleOperatorMutator"},"mutationLine":166,"filePath":"it/feio/android/omninotes/NavigationDrawerFragment.java"},{"mutantId":"NavigationDrawerFragment_3_InvalidViewFocusOperatorMutator","mutantIdNumber":3140,"mutantion":{"mutationOperatorArgumentsList":[],"operator":"InvalidViewFocusOperatorMutator","isAndroidSpecific":true},"filePath":"it/feio/android/omninotes/NavigationDrawerFragment.java"},{"mutantId":"NavigationDrawerFragment_4_ViewComponentNotVisibleOperatorMutator","mutantIdNumber":4140,"mutantion":{"mutationOperatorArgumentsList":[],"operator":"ViewComponentNotVisibleOperatorMutator"},"filePath":"it/feio/android/omninotes/NavigationDrawerFragment.java"},{"mutantId":"NavigationDrawerFragment_5_BinaryMutator","mutantIdNumber":5140,"mutantion":{"mutationOperatorArgumentsList":["+","-"],"operator":"BinaryMutator","isAndroidSpecific":false},"mutationLine":233,"filePath":"it/feio/android/omninotes/NavigationDrawerFragment.java"},{"mutantId":"AboutActivity_0_LengthyGUICreationOperatorMutator","mutantIdNumber":141,"mutantion":{"mutationOperatorArgumentsList":[],"operator":"LengthyGUICreationOperatorMutator","isAndroidSpecific":true},"mutationLine":28,"filePath":"it/feio/android/omninotes/AboutActivity.java"},{"mutantId":"AboutActivity_1_FindViewByIdReturnsNullOperatorMutator","mutantIdNumber":1141,"mutantion":{"mutationOperatorArgumentsList":[],"operator":"FindViewByIdReturnsNullOperatorMutator","isAndroidSpecific":true},"mutationLine":31,"filePath":"it/feio/android/omninotes/AboutActivity.java"},{"mutantId":"AboutActivity_2_InvalidIDFindViewOperatorMutator","mutantIdNumber":2141,"mutantion":{"mutationOperatorArgumentsList":[],"operator":"InvalidIDFindViewOperatorMutator","isAndroidSpecific":true},"mutationLine":31,"filePath":"it/feio/android/omninotes/AboutActivity.java"},{"mutantId":"AboutActivity_3_InvalidViewFocusOperatorMutator","mutantIdNumber":3141,"mutantion":{"mutationOperatorArgumentsList":[],"operator":"InvalidViewFocusOperatorMutator","isAndroidSpecific":true},"filePath":"it/feio/android/omninotes/AboutActivity.java"},{"mutantId":"AboutActivity_4_ViewComponentNotVisibleOperatorMutator","mutantIdNumber":4141,"mutantion":{"mutationOperatorArgumentsList":[],"operator":"ViewComponentNotVisibleOperatorMutator"},"filePath":"it/feio/android/omninotes/AboutActivity.java"},{"mutantId":"AboutActivity_5_FindViewByIdReturnsNullOperatorMutator","mutantIdNumber":5141,"mutantion":{"mutationOperatorArgumentsList":[],"operator":"FindViewByIdReturnsNullOperatorMutator","isAndroidSpecific":true},"mutationLine":44,"filePath":"it/feio/android/omninotes/AboutActivity.java"},{"mutantId":"AboutActivity_6_InvalidIDFindViewOperatorMutator","mutantIdNumber":6141,"mutantion":{"mutationOperatorArgumentsList":[],"operator":"InvalidIDFindViewOperatorMutator","isAndroidSpecific":true},"mutationLine":44,"filePath":"it/feio/android/omninotes/AboutActivity.java"},{"mutantId":"AboutActivity_7_InvalidViewFocusOperatorMutator","mutantIdNumber":7141,"mutantion":{"mutationOperatorArgumentsList":[],"operator":"InvalidViewFocusOperatorMutator","isAndroidSpecific":true},"filePath":"it/feio/android/omninotes/AboutActivity.java"},{"mutantId":"AboutActivity_8_ViewComponentNotVisibleOperatorMutator","mutantIdNumber":8141,"mutantion":{"mutationOperatorArgumentsList":[],"operator":"ViewComponentNotVisibleOperatorMutator"},"filePath":"it/feio/android/omninotes/AboutActivity.java"},{"mutantId":"AboutActivity_9_BuggyGUIListenerOperatorMutator","mutantIdNumber":9141,"mutantion":{"mutationOperatorArgumentsList":[],"operator":"BuggyGUIListenerOperatorMutator","isAndroidSpecific":true},"mutationLine":48,"filePath":"it/feio/android/omninotes/AboutActivity.java"},{"mutantId":"PasswordActivity_0_LengthyGUICreationOperatorMutator","mutantIdNumber":142,"mutantion":{"mutationOperatorArgumentsList":[],"operator":"LengthyGUICreationOperatorMutator","isAndroidSpecific":true},"mutationLine":58,"filePath":"it/feio/android/omninotes/PasswordActivity.java"},{"mutantId":"PasswordActivity_1_BinaryMutator","mutantIdNumber":1142,"mutantion":{"mutationOperatorArgumentsList":["*","/"],"operator":"BinaryMutator","isAndroidSpecific":false},"mutationLine":60,"filePath":"it/feio/android/omninotes/PasswordActivity.java"},{"mutantId":"PasswordActivity_2_BinaryMutator","mutantIdNumber":2142,"mutantion":{"mutationOperatorArgumentsList":["*","/"],"operator":"BinaryMutator","isAndroidSpecific":false},"mutationLine":61,"filePath":"it/feio/android/omninotes/PasswordActivity.java"},{"mutantId":"PasswordActivity_3_FindViewByIdReturnsNullOperatorMutator","mutantIdNumber":3142,"mutantion":{"mutationOperatorArgumentsList":[],"operator":"FindViewByIdReturnsNullOperatorMutator","isAndroidSpecific":true},"mutationLine":85,"filePath":"it/feio/android/omninotes/PasswordActivity.java"},{"mutantId":"PasswordActivity_4_InvalidIDFindViewOperatorMutator","mutantIdNumber":4142,"mutantion":{"mutationOperatorArgumentsList":[],"operator":"InvalidIDFindViewOperatorMutator","isAndroidSpecific":true},"mutationLine":85,"filePath":"it/feio/android/omninotes/PasswordActivity.java"},{"mutantId":"PasswordActivity_5_InvalidViewFocusOperatorMutator","mutantIdNumber":5142,"mutantion":{"mutationOperatorArgumentsList":[],"operator":"InvalidViewFocusOperatorMutator","isAndroidSpecific":true},"mutationLine":85,"filePath":"it/feio/android/omninotes/PasswordActivity.java"},{"mutantId":"PasswordActivity_6_ViewComponentNotVisibleOperatorMutator","mutantIdNumber":6142,"mutantion":{"mutationOperatorArgumentsList":[],"operator":"ViewComponentNotVisibleOperatorMutator"},"mutationLine":85,"filePath":"it/feio/android/omninotes/PasswordActivity.java"},{"mutantId":"PasswordActivity_7_FindViewByIdReturnsNullOperatorMutator","mutantIdNumber":7142,"mutantion":{"mutationOperatorArgumentsList":[],"operator":"FindViewByIdReturnsNullOperatorMutator","isAndroidSpecific":true},"mutationLine":86,"filePath":"it/feio/android/omninotes/PasswordActivity.java"},{"mutantId":"PasswordActivity_8_InvalidIDFindViewOperatorMutator","mutantIdNumber":8142,"mutantion":{"mutationOperatorArgumentsList":[],"operator":"InvalidIDFindViewOperatorMutator","isAndroidSpecific":true},"mutationLine":86,"filePath":"it/feio/android/omninotes/PasswordActivity.java"},{"mutantId":"PasswordActivity_9_InvalidViewFocusOperatorMutator","mutantIdNumber":9142,"mutantion":{"mutationOperatorArgumentsList":[],"operator":"InvalidViewFocusOperatorMutator","isAndroidSpecific":true},"mutationLine":86,"filePath":"it/feio/android/omninotes/PasswordActivity.java"},{"mutantId":"PasswordActivity_10_ViewComponentNotVisibleOperatorMutator","mutantIdNumber":10142,"mutantion":{"mutationOperatorArgumentsList":[],"operator":"ViewComponentNotVisibleOperatorMutator"},"mutationLine":86,"filePath":"it/feio/android/omninotes/PasswordActivity.java"},{"mutantId":"PasswordActivity_11_FindViewByIdReturnsNullOperatorMutator","mutantIdNumber":11142,"mutantion":{"mutationOperatorArgumentsList":[],"operator":"FindViewByIdReturnsNullOperatorMutator","isAndroidSpecific":true},"mutationLine":87,"filePath":"it/feio/android/omninotes/PasswordActivity.java"},{"mutantId":"PasswordActivity_12_InvalidIDFindViewOperatorMutator","mutantIdNumber":12142,"mutantion":{"mutationOperatorArgumentsList":[],"operator":"InvalidIDFindViewOperatorMutator","isAndroidSpecific":true},"mutationLine":87,"filePath":"it/feio/android/omninotes/PasswordActivity.java"},{"mutantId":"PasswordActivity_13_InvalidViewFocusOperatorMutator","mutantIdNumber":13142,"mutantion":{"mutationOperatorArgumentsList":[],"operator":"InvalidViewFocusOperatorMutator","isAndroidSpecific":true},"mutationLine":87,"filePath":"it/feio/android/omninotes/PasswordActivity.java"},{"mutantId":"PasswordActivity_14_ViewComponentNotVisibleOperatorMutator","mutantIdNumber":14142,"mutantion":{"mutationOperatorArgumentsList":[],"operator":"ViewComponentNotVisibleOperatorMutator"},"mutationLine":87,"filePath":"it/feio/android/omninotes/PasswordActivity.java"},{"mutantId":"PasswordActivity_15_FindViewByIdReturnsNullOperatorMutator","mutantIdNumber":15142,"mutantion":{"mutationOperatorArgumentsList":[],"operator":"FindViewByIdReturnsNullOperatorMutator","isAndroidSpecific":true},"mutationLine":88,"filePath":"it/feio/android/omninotes/PasswordActivity.java"},{"mutantId":"PasswordActivity_16_InvalidIDFindViewOperatorMutator","mutantIdNumber":16142,"mutantion":{"mutationOperatorArgumentsList":[],"operator":"InvalidIDFindViewOperatorMutator","isAndroidSpecific":true},"mutationLine":88,"filePath":"it/feio/android/omninotes/PasswordActivity.java"},{"mutantId":"PasswordActivity_17_InvalidViewFocusOperatorMutator","mutantIdNumber":17142,"mutantion":{"mutationOperatorArgumentsList":[],"operator":"InvalidViewFocusOperatorMutator","isAndroidSpecific":true},"mutationLine":88,"filePath":"it/feio/android/omninotes/PasswordActivity.java"},{"mutantId":"PasswordActivity_18_ViewComponentNotVisibleOperatorMutator","mutantIdNumber":18142,"mutantion":{"mutationOperatorArgumentsList":[],"operator":"ViewComponentNotVisibleOperatorMutator"},"mutationLine":88,"filePath":"it/feio/android/omninotes/PasswordActivity.java"},{"mutantId":"PasswordActivity_19_FindViewByIdReturnsNullOperatorMutator","mutantIdNumber":19142,"mutantion":{"mutationOperatorArgumentsList":[],"operator":"FindViewByIdReturnsNullOperatorMutator","isAndroidSpecific":true},"mutationLine":89,"filePath":"it/feio/android/omninotes/PasswordActivity.java"},{"mutantId":"PasswordActivity_20_InvalidIDFindViewOperatorMutator","mutantIdNumber":20142,"mutantion":{"mutationOperatorArgumentsList":[],"operator":"InvalidIDFindViewOperatorMutator","isAndroidSpecific":true},"mutationLine":89,"filePath":"it/feio/android/omninotes/PasswordActivity.java"},{"mutantId":"PasswordActivity_21_InvalidViewFocusOperatorMutator","mutantIdNumber":21142,"mutantion":{"mutationOperatorArgumentsList":[],"operator":"InvalidViewFocusOperatorMutator","isAndroidSpecific":true},"mutationLine":89,"filePath":"it/feio/android/omninotes/PasswordActivity.java"},{"mutantId":"PasswordActivity_22_ViewComponentNotVisibleOperatorMutator","mutantIdNumber":22142,"mutantion":{"mutationOperatorArgumentsList":[],"operator":"ViewComponentNotVisibleOperatorMutator"},"mutationLine":89,"filePath":"it/feio/android/omninotes/PasswordActivity.java"},{"mutantId":"PasswordActivity_23_FindViewByIdReturnsNullOperatorMutator","mutantIdNumber":23142,"mutantion":{"mutationOperatorArgumentsList":[],"operator":"FindViewByIdReturnsNullOperatorMutator","isAndroidSpecific":true},"mutationLine":90,"filePath":"it/feio/android/omninotes/PasswordActivity.java"},{"mutantId":"PasswordActivity_24_InvalidIDFindViewOperatorMutator","mutantIdNumber":24142,"mutantion":{"mutationOperatorArgumentsList":[],"operator":"InvalidIDFindViewOperatorMutator","isAndroidSpecific":true},"mutationLine":90,"filePath":"it/feio/android/omninotes/PasswordActivity.java"},{"mutantId":"PasswordActivity_25_InvalidViewFocusOperatorMutator","mutantIdNumber":25142,"mutantion":{"mutationOperatorArgumentsList":[],"operator":"InvalidViewFocusOperatorMutator","isAndroidSpecific":true},"mutationLine":90,"filePath":"it/feio/android/omninotes/PasswordActivity.java"},{"mutantId":"PasswordActivity_26_ViewComponentNotVisibleOperatorMutator","mutantIdNumber":26142,"mutantion":{"mutationOperatorArgumentsList":[],"operator":"ViewComponentNotVisibleOperatorMutator"},"mutationLine":90,"filePath":"it/feio/android/omninotes/PasswordActivity.java"},{"mutantId":"PasswordActivity_27_InvalidIDFindViewOperatorMutator","mutantIdNumber":27142,"mutantion":{"mutationOperatorArgumentsList":[],"operator":"InvalidIDFindViewOperatorMutator","isAndroidSpecific":true},"mutationLine":92,"filePath":"it/feio/android/omninotes/PasswordActivity.java"},{"mutantId":"PasswordActivity_28_BuggyGUIListenerOperatorMutator","mutantIdNumber":28142,"mutantion":{"mutationOperatorArgumentsList":[],"operator":"BuggyGUIListenerOperatorMutator","isAndroidSpecific":true},"mutationLine":92,"filePath":"it/feio/android/omninotes/PasswordActivity.java"},{"mutantId":"PasswordActivity_29_InvalidIDFindViewOperatorMutator","mutantIdNumber":29142,"mutantion":{"mutationOperatorArgumentsList":[],"operator":"InvalidIDFindViewOperatorMutator","isAndroidSpecific":true},"mutationLine":104,"filePath":"it/feio/android/omninotes/PasswordActivity.java"},{"mutantId":"PasswordActivity_30_BuggyGUIListenerOperatorMutator","mutantIdNumber":30142,"mutantion":{"mutationOperatorArgumentsList":[],"operator":"BuggyGUIListenerOperatorMutator","isAndroidSpecific":true},"mutationLine":104,"filePath":"it/feio/android/omninotes/PasswordActivity.java"},{"mutantId":"PasswordActivity_31_InvalidIDFindViewOperatorMutator","mutantIdNumber":31142,"mutantion":{"mutationOperatorArgumentsList":[],"operator":"InvalidIDFindViewOperatorMutator","isAndroidSpecific":true},"mutationLine":121,"filePath":"it/feio/android/omninotes/PasswordActivity.java"},{"mutantId":"PasswordActivity_32_BuggyGUIListenerOperatorMutator","mutantIdNumber":32142,"mutantion":{"mutationOperatorArgumentsList":[],"operator":"BuggyGUIListenerOperatorMutator","isAndroidSpecific":true},"mutationLine":121,"filePath":"it/feio/android/omninotes/PasswordActivity.java"},{"mutantId":"BaseFragment_0_BinaryMutator","mutantIdNumber":143,"mutantion":{"mutationOperatorArgumentsList":["-","+"],"operator":"BinaryMutator","isAndroidSpecific":false},"mutationLine":30,"filePath":"it/feio/android/omninotes/BaseFragment.java"},{"mutantId":"SettingsActivity_0_LengthyGUICreationOperatorMutator","mutantIdNumber":144,"mutantion":{"mutationOperatorArgumentsList":[],"operator":"LengthyGUICreationOperatorMutator","isAndroidSpecific":true},"mutationLine":43,"filePath":"it/feio/android/omninotes/SettingsActivity.java"},{"mutantId":"SettingsActivity_1_BuggyGUIListenerOperatorMutator","mutantIdNumber":1144,"mutantion":{"mutationOperatorArgumentsList":[],"operator":"BuggyGUIListenerOperatorMutator","isAndroidSpecific":true},"mutationLine":57,"filePath":"it/feio/android/omninotes/SettingsActivity.java"},{"mutantId":"SettingsActivity_2_BinaryMutator","mutantIdNumber":2144,"mutantion":{"mutationOperatorArgumentsList":["-","+"],"operator":"BinaryMutator","isAndroidSpecific":false},"mutationLine":73,"filePath":"it/feio/android/omninotes/SettingsActivity.java"},{"mutantId":"BaseActivity_0_InvalidViewFocusOperatorMutator","mutantIdNumber":145,"mutantion":{"mutationOperatorArgumentsList":[],"operator":"InvalidViewFocusOperatorMutator","isAndroidSpecific":true},"filePath":"it/feio/android/omninotes/BaseActivity.java"},{"mutantId":"BaseActivity_1_ViewComponentNotVisibleOperatorMutator","mutantIdNumber":1145,"mutantion":{"mutationOperatorArgumentsList":[],"operator":"ViewComponentNotVisibleOperatorMutator"},"filePath":"it/feio/android/omninotes/BaseActivity.java"},{"mutantId":"SketchFragment_0_LengthyGUICreationOperatorMutator","mutantIdNumber":146,"mutantion":{"mutationOperatorArgumentsList":[],"operator":"LengthyGUICreationOperatorMutator","isAndroidSpecific":true},"mutationLine":72,"filePath":"it/feio/android/omninotes/SketchFragment.java"},{"mutantId":"SketchFragment_1_BuggyGUIListenerOperatorMutator","mutantIdNumber":1146,"mutantion":{"mutationOperatorArgumentsList":[],"operator":"BuggyGUIListenerOperatorMutator","isAndroidSpecific":true},"mutationLine":88,"filePath":"it/feio/android/omninotes/SketchFragment.java"},{"mutantId":"SketchFragment_2_BuggyGUIListenerOperatorMutator","mutantIdNumber":2146,"mutantion":{"mutationOperatorArgumentsList":[],"operator":"BuggyGUIListenerOperatorMutator","isAndroidSpecific":true},"mutationLine":111,"filePath":"it/feio/android/omninotes/SketchFragment.java"},{"mutantId":"SketchFragment_3_BuggyGUIListenerOperatorMutator","mutantIdNumber":3146,"mutantion":{"mutationOperatorArgumentsList":[],"operator":"BuggyGUIListenerOperatorMutator","isAndroidSpecific":true},"mutationLine":122,"filePath":"it/feio/android/omninotes/SketchFragment.java"},{"mutantId":"SketchFragment_4_BuggyGUIListenerOperatorMutator","mutantIdNumber":4146,"mutantion":{"mutationOperatorArgumentsList":[],"operator":"BuggyGUIListenerOperatorMutator","isAndroidSpecific":true},"mutationLine":132,"filePath":"it/feio/android/omninotes/SketchFragment.java"},{"mutantId":"SketchFragment_5_BuggyGUIListenerOperatorMutator","mutantIdNumber":5146,"mutantion":{"mutationOperatorArgumentsList":[],"operator":"BuggyGUIListenerOperatorMutator","isAndroidSpecific":true},"mutationLine":134,"filePath":"it/feio/android/omninotes/SketchFragment.java"},{"mutantId":"SketchFragment_6_BuggyGUIListenerOperatorMutator","mutantIdNumber":6146,"mutantion":{"mutationOperatorArgumentsList":[],"operator":"BuggyGUIListenerOperatorMutator","isAndroidSpecific":true},"mutationLine":136,"filePath":"it/feio/android/omninotes/SketchFragment.java"},{"mutantId":"SketchFragment_7_LengthyGUIListenerOperatorMutator","mutantIdNumber":7146,"mutantion":{"mutationOperatorArgumentsList":[],"operator":"LengthyGUIListenerOperatorMutator","isAndroidSpecific":true},"mutationLine":139,"filePath":"it/feio/android/omninotes/SketchFragment.java"},{"mutantId":"SketchFragment_8_LengthyGUIListenerOperatorMutator","mutantIdNumber":8146,"mutantion":{"mutationOperatorArgumentsList":[],"operator":"LengthyGUIListenerOperatorMutator","isAndroidSpecific":true},"mutationLine":143,"filePath":"it/feio/android/omninotes/SketchFragment.java"},{"mutantId":"SketchFragment_9_InvalidViewFocusOperatorMutator","mutantIdNumber":9146,"mutantion":{"mutationOperatorArgumentsList":[],"operator":"InvalidViewFocusOperatorMutator","isAndroidSpecific":true},"mutationLine":160,"filePath":"it/feio/android/omninotes/SketchFragment.java"},{"mutantId":"SketchFragment_10_ViewComponentNotVisibleOperatorMutator","mutantIdNumber":10146,"mutantion":{"mutationOperatorArgumentsList":[],"operator":"ViewComponentNotVisibleOperatorMutator"},"mutationLine":160,"filePath":"it/feio/android/omninotes/SketchFragment.java"},{"mutantId":"SketchFragment_11_InvalidViewFocusOperatorMutator","mutantIdNumber":11146,"mutantion":{"mutationOperatorArgumentsList":[],"operator":"InvalidViewFocusOperatorMutator","isAndroidSpecific":true},"mutationLine":164,"filePath":"it/feio/android/omninotes/SketchFragment.java"},{"mutantId":"SketchFragment_12_ViewComponentNotVisibleOperatorMutator","mutantIdNumber":12146,"mutantion":{"mutationOperatorArgumentsList":[],"operator":"ViewComponentNotVisibleOperatorMutator"},"mutationLine":164,"filePath":"it/feio/android/omninotes/SketchFragment.java"},{"mutantId":"SketchFragment_13_InvalidViewFocusOperatorMutator","mutantIdNumber":13146,"mutantion":{"mutationOperatorArgumentsList":[],"operator":"InvalidViewFocusOperatorMutator","isAndroidSpecific":true},"mutationLine":171,"filePath":"it/feio/android/omninotes/SketchFragment.java"},{"mutantId":"SketchFragment_14_ViewComponentNotVisibleOperatorMutator","mutantIdNumber":14146,"mutantion":{"mutationOperatorArgumentsList":[],"operator":"ViewComponentNotVisibleOperatorMutator"},"mutationLine":171,"filePath":"it/feio/android/omninotes/SketchFragment.java"},{"mutantId":"SketchFragment_15_BinaryMutator","mutantIdNumber":15146,"mutantion":{"mutationOperatorArgumentsList":["*","/"],"operator":"BinaryMutator","isAndroidSpecific":false},"mutationLine":275,"filePath":"it/feio/android/omninotes/SketchFragment.java"},{"mutantId":"SketchFragment_16_BinaryMutator","mutantIdNumber":16146,"mutantion":{"mutationOperatorArgumentsList":["/","*"],"operator":"BinaryMutator","isAndroidSpecific":false},"mutationLine":275,"filePath":"it/feio/android/omninotes/SketchFragment.java"},{"mutantId":"SketchFragment_17_BinaryMutator","mutantIdNumber":17146,"mutantion":{"mutationOperatorArgumentsList":["/","*"],"operator":"BinaryMutator","isAndroidSpecific":false},"mutationLine":276,"filePath":"it/feio/android/omninotes/SketchFragment.java"},{"mutantId":"SketchFragment_18_BinaryMutator","mutantIdNumber":18146,"mutantion":{"mutationOperatorArgumentsList":["-","+"],"operator":"BinaryMutator","isAndroidSpecific":false},"mutationLine":276,"filePath":"it/feio/android/omninotes/SketchFragment.java"},{"mutantId":"NoteInfosActivity_0_LengthyGUICreationOperatorMutator","mutantIdNumber":147,"mutantion":{"mutationOperatorArgumentsList":[],"operator":"LengthyGUICreationOperatorMutator","isAndroidSpecific":true},"mutationLine":40,"filePath":"it/feio/android/omninotes/NoteInfosActivity.java"},{"mutantId":"NoteInfosActivity_1_BinaryMutator","mutantIdNumber":1147,"mutantion":{"mutationOperatorArgumentsList":["*","/"],"operator":"BinaryMutator","isAndroidSpecific":false},"mutationLine":69,"filePath":"it/feio/android/omninotes/NoteInfosActivity.java"},{"mutantId":"NoteInfosActivity_2_BinaryMutator","mutantIdNumber":2147,"mutantion":{"mutationOperatorArgumentsList":["/","*"],"operator":"BinaryMutator","isAndroidSpecific":false},"mutationLine":69,"filePath":"it/feio/android/omninotes/NoteInfosActivity.java"}]