"MUT";"SRUN";"SCT";"SAVGTCT";"SCTCT";"TRUN";"TCT";"TAVGTCT";"TCTCT"
1;44;44;1,42;1,42;43;43;1,39;1,39
2;44;88;1,42;2,84;44;87;1,42;2,81
3;42;130;1,35;4,19;44;131;1,42;4,23
4;42;172;1,35;5,55;44;175;1,42;5,65
5;42;214;1,35;6,90;44;219;1,42;7,06
6;42;256;1,35;8,26;44;263;1,42;8,48
7;42;298;1,35;9,61;44;307;1,42;9,90
8;42;340;1,35;10,97;45;352;1,45;11,35
9;42;382;1,35;12,32;44;396;1,42;12,77
10;42;424;1,35;13,68;44;440;1,42;14,19
11;42;466;1,35;15,03;44;484;1,42;15,61
12;42;508;1,35;16,39;44;528;1,42;17,03
13;42;550;1,35;17,74;44;572;1,42;18,45
14;42;592;1,35;19,10;44;616;1,42;19,87
15;42;634;1,35;20,45;43;659;1,39;21,26
16;42;676;1,35;21,81;44;703;1,42;22,68
17;42;718;1,35;23,16;43;746;1,39;24,06
18;42;760;1,35;24,52;44;790;1,42;25,48
19;42;802;1,35;25,87;44;834;1,42;26,90
20;42;844;1,35;27,23;44;878;1,42;28,32
21;42;886;1,35;28,58;44;922;1,42;29,74
22;42;928;1,35;29,94;44;966;1,42;31,16
23;42;970;1,35;31,29;44;1010;1,42;32,58
24;42;1012;1,35;32,65;43;1053;1,39;33,97
25;42;1054;1,35;34,00;43;1096;1,39;35,35
26;42;1096;1,35;35,35;43;1139;1,39;36,74
27;42;1138;1,35;36,71;44;1183;1,42;38,16
28;42;1180;1,35;38,06;44;1227;1,42;39,58
29;42;1222;1,35;39,42;43;1270;1,39;40,97
30;42;1264;1,35;40,77;44;1314;1,42;42,39
31;42;1306;1,35;42,13;44;1358;1,42;43,81
32;42;1348;1,35;43,48;44;1402;1,42;45,23
33;42;1390;1,35;44,84;44;1446;1,42;46,65
34;42;1432;1,35;46,19;43;1489;1,39;48,03
35;42;1474;1,35;47,55;44;1533;1,42;49,45
36;42;1516;1,35;48,90;44;1577;1,42;50,87
37;42;1558;1,35;50,26;44;1621;1,42;52,29
38;42;1600;1,35;51,61;44;1665;1,42;53,71
39;42;1642;1,35;52,97;44;1709;1,42;55,13
40;42;1684;1,35;54,32;44;1753;1,42;56,55
41;42;1726;1,35;55,68;44;1797;1,42;57,97
42;42;1768;1,35;57,03;44;1841;1,42;59,39
43;42;1810;1,35;58,39;43;1884;1,39;60,77
44;42;1852;1,35;59,74;44;1928;1,42;62,19
45;42;1894;1,35;61,10;44;1972;1,42;63,61
46;42;1936;1,35;62,45;44;2016;1,42;65,03
47;42;1978;1,35;63,81;44;2060;1,42;66,45
48;42;2020;1,35;65,16;43;2103;1,39;67,84
49;42;2062;1,35;66,52;44;2147;1,42;69,26
50;42;2104;1,35;67,87;44;2191;1,42;70,68
51;42;2146;1,35;69,23;44;2235;1,42;72,10
52;42;2188;1,35;70,58;44;2279;1,42;73,52
53;42;2230;1,35;71,94;44;2323;1,42;74,94
54;42;2272;1,35;73,29;43;2366;1,39;76,32
55;42;2314;1,35;74,65;44;2410;1,42;77,74
56;42;2356;1,35;76,00;43;2453;1,39;79,13
57;42;2398;1,35;77,35;43;2496;1,39;80,52
58;42;2440;1,35;78,71;44;2540;1,42;81,94
59;42;2482;1,35;80,06;44;2584;1,42;83,35
60;42;2524;1,35;81,42;44;2628;1,42;84,77
61;42;2566;1,35;82,77;44;2672;1,42;86,19
62;42;2608;1,35;84,13;44;2716;1,42;87,61
63;42;2650;1,35;85,48;43;2759;1,39;89,00
64;42;2692;1,35;86,84;43;2802;1,39;90,39
65;42;2734;1,35;88,19;44;2846;1,42;91,81
66;42;2776;1,35;89,55;43;2889;1,39;93,19
67;42;2818;1,35;90,90;43;2932;1,39;94,58
68;42;2860;1,35;92,26;43;2975;1,39;95,97
69;42;2902;1,35;93,61;44;3019;1,42;97,39
70;42;2944;1,35;94,97;44;3063;1,42;98,81
71;42;2986;1,35;96,32;44;3107;1,42;100,23
72;42;3028;1,35;97,68;44;3151;1,42;101,65
73;42;3070;1,35;99,03;43;3194;1,39;103,03
74;42;3112;1,35;100,39;44;3238;1,42;104,45
75;42;3154;1,35;101,74;44;3282;1,42;105,87
76;42;3196;1,35;103,10;44;3326;1,42;107,29
77;42;3238;1,35;104,45;44;3370;1,42;108,71
78;42;3280;1,35;105,81;43;3413;1,39;110,10
79;42;3322;1,35;107,16;43;3456;1,39;111,48
80;42;3364;1,35;108,52;43;3499;1,39;112,87
81;42;3406;1,35;109,87;44;3543;1,42;114,29
82;42;3448;1,35;111,23;44;3587;1,42;115,71
83;42;3490;1,35;112,58;44;3631;1,42;117,13
84;42;3532;1,35;113,94;44;3675;1,42;118,55
85;42;3574;1,35;115,29;44;3719;1,42;119,97
86;42;3616;1,35;116,65;43;3762;1,39;121,35
87;42;3658;1,35;118,00;44;3806;1,42;122,77
88;42;3700;1,35;119,35;44;3850;1,42;124,19
89;42;3742;1,35;120,71;43;3893;1,39;125,58
90;42;3784;1,35;122,06;44;3937;1,42;127,00
91;42;3826;1,35;123,42;43;3980;1,39;128,39
92;42;3868;1,35;124,77;44;4024;1,42;129,81
93;42;3910;1,35;126,13;44;4068;1,42;131,23
94;42;3952;1,35;127,48;44;4112;1,42;132,65
95;42;3994;1,35;128,84;44;4156;1,42;134,06
96;42;4036;1,35;130,19;43;4199;1,39;135,45
97;42;4078;1,35;131,55;44;4243;1,42;136,87
98;42;4120;1,35;132,90;44;4287;1,42;138,29
99;42;4162;1,35;134,26;44;4331;1,42;139,71
100;42;4204;1,35;135,61;43;4374;1,39;141,10
101;42;4246;1,35;136,97;44;4418;1,42;142,52
102;42;4288;1,35;138,32;44;4462;1,42;143,94
103;42;4330;1,35;139,68;44;4506;1,42;145,35
104;42;4372;1,35;141,03;44;4550;1,42;146,77
105;42;4414;1,35;142,39;44;4594;1,42;148,19
106;42;4456;1,35;143,74;44;4638;1,42;149,61
107;42;4498;1,35;145,10;44;4682;1,42;151,03
108;42;4540;1,35;146,45;43;4725;1,39;152,42
109;42;4582;1,35;147,81;44;4769;1,42;153,84
110;42;4624;1,35;149,16;44;4813;1,42;155,26
111;42;4666;1,35;150,52;44;4857;1,42;156,68
112;42;4708;1,35;151,87;45;4902;1,45;158,13
113;42;4750;1,35;153,23;45;4947;1,45;159,58
114;42;4792;1,35;154,58;44;4991;1,42;161,00
115;42;4834;1,35;155,94;44;5035;1,42;162,42
116;42;4876;1,35;157,29;44;5079;1,42;163,84
117;42;4918;1,35;158,65;45;5124;1,45;165,29
118;42;4960;1,35;160,00;45;5169;1,45;166,74
119;42;5002;1,35;161,35;43;5212;1,39;168,13
120;42;5044;1,35;162,71;44;5256;1,42;169,55
121;42;5086;1,35;164,06;44;5300;1,42;170,97
122;42;5128;1,35;165,42;44;5344;1,42;172,39
123;42;5170;1,35;166,77;44;5388;1,42;173,81
124;42;5212;1,35;168,13;44;5432;1,42;175,23
125;42;5254;1,35;169,48;44;5476;1,42;176,65
126;42;5296;1,35;170,84;45;5521;1,45;178,10
127;42;5338;1,35;172,19;44;5565;1,42;179,52
128;42;5380;1,35;173,55;44;5609;1,42;180,94
129;42;5422;1,35;174,90;44;5653;1,42;182,35
130;42;5464;1,35;176,26;44;5697;1,42;183,77
131;42;5506;1,35;177,61;44;5741;1,42;185,19
132;42;5548;1,35;178,97;44;5785;1,42;186,61
133;42;5590;1,35;180,32;44;5829;1,42;188,03
134;42;5632;1,35;181,68;44;5873;1,42;189,45
135;42;5674;1,35;183,03;44;5917;1,42;190,87
136;42;5716;1,35;184,39;45;5962;1,45;192,32
137;42;5758;1,35;185,74;44;6006;1,42;193,74
138;42;5800;1,35;187,10;44;6050;1,42;195,16
139;42;5842;1,35;188,45;44;6094;1,42;196,58
140;42;5884;1,35;189,81;44;6138;1,42;198,00
141;42;5926;1,35;191,16;44;6182;1,42;199,42
142;42;5968;1,35;192,52;44;6226;1,42;200,84
143;42;6010;1,35;193,87;44;6270;1,42;202,26
144;42;6052;1,35;195,23;44;6314;1,42;203,68
145;42;6094;1,35;196,58;44;6358;1,42;205,10
146;42;6136;1,35;197,94;44;6402;1,42;206,52
147;42;6178;1,35;199,29;44;6446;1,42;207,94
148;42;6220;1,35;200,65;44;6490;1,42;209,35
149;42;6262;1,35;202,00;44;6534;1,42;210,77
150;42;6304;1,35;203,35;44;6578;1,42;212,19
151;42;6346;1,35;204,71;44;6622;1,42;213,61
152;42;6388;1,35;206,06;44;6666;1,42;215,03
153;42;6430;1,35;207,42;44;6710;1,42;216,45
154;42;6472;1,35;208,77;44;6754;1,42;217,87
155;42;6514;1,35;210,13;44;6798;1,42;219,29
156;42;6556;1,35;211,48;44;6842;1,42;220,71
157;42;6598;1,35;212,84;43;6885;1,39;222,10
158;42;6640;1,35;214,19;44;6929;1,42;223,52
159;42;6682;1,35;215,55;44;6973;1,42;224,94
160;42;6724;1,35;216,90;44;7017;1,42;226,35
161;42;6766;1,35;218,26;44;7061;1,42;227,77
162;42;6808;1,35;219,61;44;7105;1,42;229,19
163;42;6850;1,35;220,97;45;7150;1,45;230,65
164;42;6892;1,35;222,32;43;7193;1,39;232,03
165;42;6934;1,35;223,68;44;7237;1,42;233,45
166;42;6976;1,35;225,03;43;7280;1,39;234,84
167;42;7018;1,35;226,39;44;7324;1,42;236,26
168;42;7060;1,35;227,74;44;7368;1,42;237,68
169;42;7102;1,35;229,10;43;7411;1,39;239,06
170;42;7144;1,35;230,45;44;7455;1,42;240,48
171;42;7186;1,35;231,81;44;7499;1,42;241,90
172;42;7228;1,35;233,16;44;7543;1,42;243,32
173;42;7270;1,35;234,52;44;7587;1,42;244,74
174;42;7312;1,35;235,87;44;7631;1,42;246,16
175;42;7354;1,35;237,23;44;7675;1,42;247,58
176;42;7396;1,35;238,58;44;7719;1,42;249,00
177;42;7438;1,35;239,94;44;7763;1,42;250,42
178;42;7480;1,35;241,29;44;7807;1,42;251,84
179;42;7522;1,35;242,65;44;7851;1,42;253,26
180;42;7564;1,35;244,00;43;7894;1,39;254,65
181;42;7606;1,35;245,35;44;7938;1,42;256,06
182;42;7648;1,35;246,71;43;7981;1,39;257,45
183;42;7690;1,35;248,06;44;8025;1,42;258,87
184;42;7732;1,35;249,42;44;8069;1,42;260,29
185;42;7774;1,35;250,77;44;8113;1,42;261,71
186;42;7816;1,35;252,13;44;8157;1,42;263,13
187;42;7858;1,35;253,48;44;8201;1,42;264,55
188;42;7900;1,35;254,84;44;8245;1,42;265,97
189;42;7942;1,35;256,19;44;8289;1,42;267,39
190;42;7984;1,35;257,55;44;8333;1,42;268,81
191;42;8026;1,35;258,90;44;8377;1,42;270,23
192;42;8068;1,35;260,26;44;8421;1,42;271,65
193;42;8110;1,35;261,61;43;8464;1,39;273,03
194;42;8152;1,35;262,97;44;8508;1,42;274,45
195;42;8194;1,35;264,32;44;8552;1,42;275,87
196;42;8236;1,35;265,68;44;8596;1,42;277,29
197;42;8278;1,35;267,03;44;8640;1,42;278,71
198;42;8320;1,35;268,39;44;8684;1,42;280,13
199;42;8362;1,35;269,74;44;8728;1,42;281,55
200;42;8404;1,35;271,10;44;8772;1,42;282,97
201;42;8446;1,35;272,45;44;8816;1,42;284,39
202;42;8488;1,35;273,81;44;8860;1,42;285,81
203;42;8530;1,35;275,16;44;8904;1,42;287,23
204;42;8572;1,35;276,52;44;8948;1,42;288,65
205;42;8614;1,35;277,87;44;8992;1,42;290,06
206;42;8656;1,35;279,23;44;9036;1,42;291,48
207;42;8698;1,35;280,58;44;9080;1,42;292,90
208;42;8740;1,35;281,94;44;9124;1,42;294,32
209;42;8782;1,35;283,29;46;9170;1,48;295,81
210;42;8824;1,35;284,65;44;9214;1,42;297,23
211;42;8866;1,35;286,00;44;9258;1,42;298,65
212;42;8908;1,35;287,35;44;9302;1,42;300,06
213;42;8950;1,35;288,71;44;9346;1,42;301,48
214;42;8992;1,35;290,06;44;9390;1,42;302,90
215;42;9034;1,35;291,42;44;9434;1,42;304,32
216;42;9076;1,35;292,77;44;9478;1,42;305,74
217;42;9118;1,35;294,13;44;9522;1,42;307,16
218;42;9160;1,35;295,48;44;9566;1,42;308,58
219;42;9202;1,35;296,84;45;9611;1,45;310,03
220;42;9244;1,35;298,19;44;9655;1,42;311,45
221;42;9286;1,35;299,55;44;9699;1,42;312,87
222;42;9328;1,35;300,90;44;9743;1,42;314,29
223;42;9370;1,35;302,26;44;9787;1,42;315,71
224;42;9412;1,35;303,61;44;9831;1,42;317,13
225;42;9454;1,35;304,97;44;9875;1,42;318,55
226;42;9496;1,35;306,32;44;9919;1,42;319,97
227;42;9538;1,35;307,68;45;9964;1,45;321,42
228;42;9580;1,35;309,03;44;10008;1,42;322,84
229;42;9622;1,35;310,39;44;10052;1,42;324,26
230;42;9664;1,35;311,74;44;10096;1,42;325,68
231;42;9706;1,35;313,10;44;10140;1,42;327,10
232;42;9748;1,35;314,45;44;10184;1,42;328,52
233;42;9790;1,35;315,81;44;10228;1,42;329,94
234;42;9832;1,35;317,16;44;10272;1,42;331,35
235;42;9874;1,35;318,52;44;10316;1,42;332,77
236;42;9916;1,35;319,87;44;10360;1,42;334,19
237;42;9958;1,35;321,23;44;10404;1,42;335,61
238;42;10000;1,35;322,58;44;10448;1,42;337,03
239;42;10042;1,35;323,94;44;10492;1,42;338,45
240;42;10084;1,35;325,29;44;10536;1,42;339,87
241;42;10126;1,35;326,65;44;10580;1,42;341,29
242;42;10168;1,35;328,00;44;10624;1,42;342,71
243;42;10210;1,35;329,35;44;10668;1,42;344,13
244;42;10252;1,35;330,71;44;10712;1,42;345,55
245;42;10294;1,35;332,06;44;10756;1,42;346,97
246;42;10336;1,35;333,42;45;10801;1,45;348,42
247;42;10378;1,35;334,77;44;10845;1,42;349,84
248;42;10420;1,35;336,13;44;10889;1,42;351,26
249;42;10462;1,35;337,48;45;10934;1,45;352,71
250;42;10504;1,35;338,84;44;10978;1,42;354,13
251;42;10546;1,35;340,19;44;11022;1,42;355,55
252;42;10588;1,35;341,55;46;11068;1,48;357,03
253;42;10630;1,35;342,90;45;11113;1,45;358,48
254;42;10672;1,35;344,26;45;11158;1,45;359,94
255;42;10714;1,35;345,61;45;11203;1,45;361,39
256;42;10756;1,35;346,97;45;11248;1,45;362,84
257;42;10798;1,35;348,32;45;11293;1,45;364,29
258;42;10840;1,35;349,68;45;11338;1,45;365,74
259;42;10882;1,35;351,03;45;11383;1,45;367,19
260;42;10924;1,35;352,39;45;11428;1,45;368,65
261;42;10966;1,35;353,74;45;11473;1,45;370,10
262;42;11008;1,35;355,10;45;11518;1,45;371,55
263;42;11050;1,35;356,45;45;11563;1,45;373,00
264;42;11092;1,35;357,81;45;11608;1,45;374,45
265;42;11134;1,35;359,16;44;11652;1,42;375,87
266;42;11176;1,35;360,52;44;11696;1,42;377,29
267;42;11218;1,35;361,87;45;11741;1,45;378,74
268;42;11260;1,35;363,23;45;11786;1,45;380,19
269;42;11302;1,35;364,58;44;11830;1,42;381,61
270;42;11344;1,35;365,94;45;11875;1,45;383,06
271;42;11386;1,35;367,29;45;11920;1,45;384,52
272;42;11428;1,35;368,65;45;11965;1,45;385,97
273;42;11470;1,35;370,00;45;12010;1,45;387,42
274;42;11512;1,35;371,35;45;12055;1,45;388,87
275;42;11554;1,35;372,71;45;12100;1,45;390,32
276;42;11596;1,35;374,06;45;12145;1,45;391,77
277;42;11638;1,35;375,42;45;12190;1,45;393,23
278;42;11680;1,35;376,77;45;12235;1,45;394,68
279;42;11722;1,35;378,13;45;12280;1,45;396,13
280;42;11764;1,35;379,48;45;12325;1,45;397,58
281;42;11806;1,35;380,84;45;12370;1,45;399,03
282;42;11848;1,35;382,19;44;12414;1,42;400,45
283;42;11890;1,35;383,55;45;12459;1,45;401,90
284;42;11932;1,35;384,90;44;12503;1,42;403,32
285;42;11974;1,35;386,26;44;12547;1,42;404,74
286;42;12016;1,35;387,61;44;12591;1,42;406,16
287;42;12058;1,35;388,97;44;12635;1,42;407,58
288;42;12100;1,35;390,32;44;12679;1,42;409,00
289;42;12142;1,35;391,68;44;12723;1,42;410,42
290;42;12184;1,35;393,03;44;12767;1,42;411,84
291;42;12226;1,35;394,39;44;12811;1,42;413,26
292;42;12268;1,35;395,74;44;12855;1,42;414,68
293;42;12310;1,35;397,10;44;12899;1,42;416,10
294;42;12352;1,35;398,45;44;12943;1,42;417,52
295;42;12394;1,35;399,81;44;12987;1,42;418,94
296;42;12436;1,35;401,16;44;13031;1,42;420,35
297;42;12478;1,35;402,52;44;13075;1,42;421,77
298;42;12520;1,35;403,87;44;13119;1,42;423,19
299;42;12562;1,35;405,23;44;13163;1,42;424,61
300;42;12604;1,35;406,58;44;13207;1,42;426,03
301;42;12646;1,35;407,94;44;13251;1,42;427,45
302;42;12688;1,35;409,29;44;13295;1,42;428,87
303;42;12730;1,35;410,65;44;13339;1,42;430,29
304;42;12772;1,35;412,00;44;13383;1,42;431,71
305;42;12814;1,35;413,35;44;13427;1,42;433,13
306;42;12856;1,35;414,71;45;13472;1,45;434,58
307;42;12898;1,35;416,06;44;13516;1,42;436,00
308;42;12940;1,35;417,42;44;13560;1,42;437,42
309;42;12982;1,35;418,77;44;13604;1,42;438,84
310;42;13024;1,35;420,13;44;13648;1,42;440,26
311;42;13066;1,35;421,48;44;13692;1,42;441,68
312;42;13108;1,35;422,84;44;13736;1,42;443,10
313;42;13150;1,35;424,19;44;13780;1,42;444,52
314;42;13192;1,35;425,55;44;13824;1,42;445,94
315;42;13234;1,35;426,90;44;13868;1,42;447,35
316;42;13276;1,35;428,26;45;13913;1,45;448,81
317;42;13318;1,35;429,61;44;13957;1,42;450,23
318;42;13360;1,35;430,97;44;14001;1,42;451,65
319;42;13402;1,35;432,32;44;14045;1,42;453,06
320;42;13444;1,35;433,68;44;14089;1,42;454,48
321;42;13486;1,35;435,03;44;14133;1,42;455,90
322;42;13528;1,35;436,39;44;14177;1,42;457,32
323;42;13570;1,35;437,74;45;14222;1,45;458,77
324;42;13612;1,35;439,10;45;14267;1,45;460,23
325;42;13654;1,35;440,45;44;14311;1,42;461,65
326;42;13696;1,35;441,81;44;14355;1,42;463,06
327;42;13738;1,35;443,16;44;14399;1,42;464,48
328;42;13780;1,35;444,52;44;14443;1,42;465,90
329;42;13822;1,35;445,87;45;14488;1,45;467,35
330;42;13864;1,35;447,23;44;14532;1,42;468,77
331;42;13906;1,35;448,58;44;14576;1,42;470,19
332;42;13948;1,35;449,94;44;14620;1,42;471,61
333;42;13990;1,35;451,29;44;14664;1,42;473,03
334;42;14032;1,35;452,65;44;14708;1,42;474,45
335;42;14074;1,35;454,00;44;14752;1,42;475,87
336;42;14116;1,35;455,35;44;14796;1,42;477,29
337;42;14158;1,35;456,71;44;14840;1,42;478,71
338;42;14200;1,35;458,06;44;14884;1,42;480,13
339;43;14243;1,39;459,45;44;14928;1,42;481,55
340;42;14285;1,35;460,81;44;14972;1,42;482,97
341;42;14327;1,35;462,16;44;15016;1,42;484,39
342;42;14369;1,35;463,52;44;15060;1,42;485,81
343;42;14411;1,35;464,87;44;15104;1,42;487,23
344;42;14453;1,35;466,23;44;15148;1,42;488,65
345;42;14495;1,35;467,58;44;15192;1,42;490,06
346;42;14537;1,35;468,94;44;15236;1,42;491,48
347;42;14579;1,35;470,29;45;15281;1,45;492,94
348;42;14621;1,35;471,65;44;15325;1,42;494,35
349;42;14663;1,35;473,00;44;15369;1,42;495,77
350;42;14705;1,35;474,35;44;15413;1,42;497,19
351;42;14747;1,35;475,71;44;15457;1,42;498,61
352;42;14789;1,35;477,06;44;15501;1,42;500,03
353;42;14831;1,35;478,42;44;15545;1,42;501,45
354;42;14873;1,35;479,77;44;15589;1,42;502,87
355;42;14915;1,35;481,13;43;15632;1,39;504,26
356;42;14957;1,35;482,48;44;15676;1,42;505,68
357;42;14999;1,35;483,84;44;15720;1,42;507,10
358;42;15041;1,35;485,19;44;15764;1,42;508,52
359;42;15083;1,35;486,55;44;15808;1,42;509,94
360;42;15125;1,35;487,90;44;15852;1,42;511,35
361;42;15167;1,35;489,26;44;15896;1,42;512,77
362;42;15209;1,35;490,61;44;15940;1,42;514,19
363;42;15251;1,35;491,97;44;15984;1,42;515,61
364;42;15293;1,35;493,32;44;16028;1,42;517,03
365;42;15335;1,35;494,68;45;16073;1,45;518,48
366;42;15377;1,35;496,03;45;16118;1,45;519,94
367;42;15419;1,35;497,39;45;16163;1,45;521,39
368;42;15461;1,35;498,74;44;16207;1,42;522,81
369;42;15503;1,35;500,10;45;16252;1,45;524,26
370;42;15545;1,35;501,45;44;16296;1,42;525,68
371;42;15587;1,35;502,81;45;16341;1,45;527,13
372;42;15629;1,35;504,16;45;16386;1,45;528,58
373;42;15671;1,35;505,52;44;16430;1,42;530,00
374;42;15713;1,35;506,87;45;16475;1,45;531,45
375;42;15755;1,35;508,23;45;16520;1,45;532,90
376;42;15797;1,35;509,58;45;16565;1,45;534,35
377;42;15839;1,35;510,94;45;16610;1,45;535,81
378;42;15881;1,35;512,29;45;16655;1,45;537,26
379;42;15923;1,35;513,65;45;16700;1,45;538,71
380;42;15965;1,35;515,00;45;16745;1,45;540,16
381;42;16007;1,35;516,35;45;16790;1,45;541,61
382;42;16049;1,35;517,71;45;16835;1,45;543,06
383;42;16091;1,35;519,06;44;16879;1,42;544,48
384;42;16133;1,35;520,42;43;16922;1,39;545,87
385;42;16175;1,35;521,77;44;16966;1,42;547,29
386;42;16217;1,35;523,13;44;17010;1,42;548,71
387;42;16259;1,35;524,48;44;17054;1,42;550,13
388;42;16301;1,35;525,84;43;17097;1,39;551,52
389;42;16343;1,35;527,19;43;17140;1,39;552,90
390;42;16385;1,35;528,55;44;17184;1,42;554,32
391;42;16427;1,35;529,90;44;17228;1,42;555,74
392;42;16469;1,35;531,26;45;17273;1,45;557,19
393;42;16511;1,35;532,61;45;17318;1,45;558,65
394;42;16553;1,35;533,97;45;17363;1,45;560,10
395;42;16595;1,35;535,32;45;17408;1,45;561,55
396;42;16637;1,35;536,68;45;17453;1,45;563,00
397;42;16679;1,35;538,03;45;17498;1,45;564,45
398;42;16721;1,35;539,39;45;17543;1,45;565,90
399;42;16763;1,35;540,74;44;17587;1,42;567,32
400;42;16805;1,35;542,10;45;17632;1,45;568,77
401;42;16847;1,35;543,45;45;17677;1,45;570,23
402;42;16889;1,35;544,81;45;17722;1,45;571,68
403;42;16931;1,35;546,16;46;17768;1,48;573,16
404;42;16973;1,35;547,52;45;17813;1,45;574,61
405;42;17015;1,35;548,87;44;17857;1,42;576,03
406;42;17057;1,35;550,23;44;17901;1,42;577,45
407;42;17099;1,35;551,58;45;17946;1,45;578,90
408;42;17141;1,35;552,94;45;17991;1,45;580,35
409;42;17183;1,35;554,29;45;18036;1,45;581,81
410;42;17225;1,35;555,65;45;18081;1,45;583,26
411;42;17267;1,35;557,00;44;18125;1,42;584,68
412;42;17309;1,35;558,35;44;18169;1,42;586,10
413;42;17351;1,35;559,71;44;18213;1,42;587,52
414;42;17393;1,35;561,06;44;18257;1,42;588,94
415;42;17435;1,35;562,42;44;18301;1,42;590,35
416;42;17477;1,35;563,77;44;18345;1,42;591,77
417;42;17519;1,35;565,13;45;18390;1,45;593,23
418;42;17561;1,35;566,48;44;18434;1,42;594,65
419;42;17603;1,35;567,84;44;18478;1,42;596,06
420;42;17645;1,35;569,19;45;18523;1,45;597,52
421;42;17687;1,35;570,55;45;18568;1,45;598,97
422;42;17729;1,35;571,90;44;18612;1,42;600,39
423;42;17771;1,35;573,26;44;18656;1,42;601,81
424;42;17813;1,35;574,61;44;18700;1,42;603,23
425;42;17855;1,35;575,97;44;18744;1,42;604,65
426;42;17897;1,35;577,32;44;18788;1,42;606,06
427;42;17939;1,35;578,68;44;18832;1,42;607,48
428;42;17981;1,35;580,03;43;18875;1,39;608,87
429;42;18023;1,35;581,39;43;18918;1,39;610,26
430;42;18065;1,35;582,74;44;18962;1,42;611,68
431;42;18107;1,35;584,10;44;19006;1,42;613,10
432;42;18149;1,35;585,45;44;19050;1,42;614,52
433;42;18191;1,35;586,81;43;19093;1,39;615,90
434;42;18233;1,35;588,16;44;19137;1,42;617,32
435;42;18275;1,35;589,52;43;19180;1,39;618,71
436;42;18317;1,35;590,87;44;19224;1,42;620,13
437;42;18359;1,35;592,23;44;19268;1,42;621,55
438;42;18401;1,35;593,58;44;19312;1,42;622,97
439;42;18443;1,35;594,94;45;19357;1,45;624,42
440;42;18485;1,35;596,29;45;19402;1,45;625,87
441;42;18527;1,35;597,65;44;19446;1,42;627,29
442;42;18569;1,35;599,00;45;19491;1,45;628,74
443;42;18611;1,35;600,35;44;19535;1,42;630,16
444;42;18653;1,35;601,71;44;19579;1,42;631,58
445;42;18695;1,35;603,06;45;19624;1,45;633,03
446;42;18737;1,35;604,42;45;19669;1,45;634,48
447;42;18779;1,35;605,77;44;19713;1,42;635,90
448;42;18821;1,35;607,13;44;19757;1,42;637,32
449;42;18863;1,35;608,48;45;19802;1,45;638,77
450;42;18905;1,35;609,84;46;19848;1,48;640,26
451;42;18947;1,35;611,19;44;19892;1,42;641,68
452;42;18989;1,35;612,55;45;19937;1,45;643,13
453;42;19031;1,35;613,90;44;19981;1,42;644,55
454;42;19073;1,35;615,26;45;20026;1,45;646,00
455;42;19115;1,35;616,61;44;20070;1,42;647,42
456;42;19157;1,35;617,97;44;20114;1,42;648,84
457;42;19199;1,35;619,32;45;20159;1,45;650,29
458;42;19241;1,35;620,68;45;20204;1,45;651,74
459;42;19283;1,35;622,03;44;20248;1,42;653,16
460;42;19325;1,35;623,39;44;20292;1,42;654,58
461;42;19367;1,35;624,74;45;20337;1,45;656,03
462;42;19409;1,35;626,10;44;20381;1,42;657,45
463;42;19451;1,35;627,45;45;20426;1,45;658,90
464;42;19493;1,35;628,81;44;20470;1,42;660,32
465;42;19535;1,35;630,16;44;20514;1,42;661,74
466;42;19577;1,35;631,52;44;20558;1,42;663,16
467;42;19619;1,35;632,87;44;20602;1,42;664,58
468;42;19661;1,35;634,23;44;20646;1,42;666,00
469;42;19703;1,35;635,58;45;20691;1,45;667,45
470;42;19745;1,35;636,94;44;20735;1,42;668,87
471;42;19787;1,35;638,29;44;20779;1,42;670,29
472;42;19829;1,35;639,65;45;20824;1,45;671,74
473;42;19871;1,35;641,00;45;20869;1,45;673,19
474;42;19913;1,35;642,35;44;20913;1,42;674,61
475;42;19955;1,35;643,71;44;20957;1,42;676,03
476;42;19997;1,35;645,06;45;21002;1,45;677,48
477;42;20039;1,35;646,42;45;21047;1,45;678,94
478;42;20081;1,35;647,77;44;21091;1,42;680,35
479;42;20123;1,35;649,13;44;21135;1,42;681,77
480;42;20165;1,35;650,48;44;21179;1,42;683,19
481;42;20207;1,35;651,84;44;21223;1,42;684,61
482;42;20249;1,35;653,19;45;21268;1,45;686,06
483;42;20291;1,35;654,55;44;21312;1,42;687,48
484;42;20333;1,35;655,90;44;21356;1,42;688,90
485;42;20375;1,35;657,26;44;21400;1,42;690,32
486;42;20417;1,35;658,61;45;21445;1,45;691,77
487;42;20459;1,35;659,97;45;21490;1,45;693,23
488;42;20501;1,35;661,32;44;21534;1,42;694,65
489;42;20543;1,35;662,68;44;21578;1,42;696,06
490;42;20585;1,35;664,03;44;21622;1,42;697,48
491;42;20627;1,35;665,39;45;21667;1,45;698,94
492;42;20669;1,35;666,74;44;21711;1,42;700,35
493;42;20711;1,35;668,10;44;21755;1,42;701,77
494;42;20753;1,35;669,45;45;21800;1,45;703,23
495;42;20795;1,35;670,81;44;21844;1,42;704,65
496;42;20837;1,35;672,16;44;21888;1,42;706,06
497;42;20879;1,35;673,52;45;21933;1,45;707,52
498;42;20921;1,35;674,87;45;21978;1,45;708,97
499;42;20963;1,35;676,23;44;22022;1,42;710,39
500;42;21005;1,35;677,58;44;22066;1,42;711,81
501;42;21047;1,35;678,94;44;22110;1,42;713,23
502;42;21089;1,35;680,29;44;22154;1,42;714,65
503;42;21131;1,35;681,65;44;22198;1,42;716,06
504;42;21173;1,35;683,00;44;22242;1,42;717,48
505;42;21215;1,35;684,35;44;22286;1,42;718,90
506;42;21257;1,35;685,71;44;22330;1,42;720,32
507;43;21300;1,39;687,10;44;22374;1,42;721,74
508;42;21342;1,35;688,45;45;22419;1,45;723,19
509;42;21384;1,35;689,81;44;22463;1,42;724,61
510;42;21426;1,35;691,16;44;22507;1,42;726,03
511;43;21469;1,39;692,55;44;22551;1,42;727,45
512;42;21511;1,35;693,90;44;22595;1,42;728,87
513;42;21553;1,35;695,26;45;22640;1,45;730,32
514;42;21595;1,35;696,61;44;22684;1,42;731,74
515;42;21637;1,35;697,97;44;22728;1,42;733,16
516;43;21680;1,39;699,35;44;22772;1,42;734,58
517;42;21722;1,35;700,71;44;22816;1,42;736,00
518;42;21764;1,35;702,06;45;22861;1,45;737,45
519;42;21806;1,35;703,42;44;22905;1,42;738,87
520;42;21848;1,35;704,77;44;22949;1,42;740,29
521;42;21890;1,35;706,13;44;22993;1,42;741,71
522;42;21932;1,35;707,48;45;23038;1,45;743,16
523;42;21974;1,35;708,84;44;23082;1,42;744,58
524;43;22017;1,39;710,23;44;23126;1,42;746,00
525;42;22059;1,35;711,58;44;23170;1,42;747,42
526;42;22101;1,35;712,94;44;23214;1,42;748,84
527;42;22143;1,35;714,29;45;23259;1,45;750,29
528;42;22185;1,35;715,65;44;23303;1,42;751,71
529;42;22227;1,35;717,00;44;23347;1,42;753,13
530;42;22269;1,35;718,35;44;23391;1,42;754,55
531;42;22311;1,35;719,71;44;23435;1,42;755,97
532;42;22353;1,35;721,06;44;23479;1,42;757,39
533;42;22395;1,35;722,42;45;23524;1,45;758,84
534;42;22437;1,35;723,77;45;23569;1,45;760,29
535;42;22479;1,35;725,13;45;23614;1,45;761,74
536;42;22521;1,35;726,48;44;23658;1,42;763,16
537;42;22563;1,35;727,84;44;23702;1,42;764,58
538;42;22605;1,35;729,19;45;23747;1,45;766,03
539;42;22647;1,35;730,55;45;23792;1,45;767,48
540;42;22689;1,35;731,90;45;23837;1,45;768,94
541;42;22731;1,35;733,26;44;23881;1,42;770,35
542;42;22773;1,35;734,61;44;23925;1,42;771,77
543;42;22815;1,35;735,97;44;23969;1,42;773,19
544;42;22857;1,35;737,32;44;24013;1,42;774,61
545;42;22899;1,35;738,68;45;24058;1,45;776,06
546;42;22941;1,35;740,03;45;24103;1,45;777,52
547;42;22983;1,35;741,39;44;24147;1,42;778,94
548;43;23026;1,39;742,77;45;24192;1,45;780,39
549;42;23068;1,35;744,13;44;24236;1,42;781,81
550;43;23111;1,39;745,52;45;24281;1,45;783,26
551;42;23153;1,35;746,87;45;24326;1,45;784,71
552;42;23195;1,35;748,23;45;24371;1,45;786,16
553;42;23237;1,35;749,58;44;24415;1,42;787,58
554;42;23279;1,35;750,94;45;24460;1,45;789,03
555;42;23321;1,35;752,29;44;24504;1,42;790,45
556;42;23363;1,35;753,65;44;24548;1,42;791,87
557;42;23405;1,35;755,00;44;24592;1,42;793,29
558;42;23447;1,35;756,35;44;24636;1,42;794,71
559;42;23489;1,35;757,71;44;24680;1,42;796,13
560;42;23531;1,35;759,06;44;24724;1,42;797,55
561;42;23573;1,35;760,42;44;24768;1,42;798,97
562;42;23615;1,35;761,77;44;24812;1,42;800,39
563;42;23657;1,35;763,13;44;24856;1,42;801,81
564;43;23700;1,39;764,52;44;24900;1,42;803,23
565;42;23742;1,35;765,87;44;24944;1,42;804,65
566;42;23784;1,35;767,23;44;24988;1,42;806,06
567;42;23826;1,35;768,58;44;25032;1,42;807,48
568;42;23868;1,35;769,94;44;25076;1,42;808,90
569;42;23910;1,35;771,29;44;25120;1,42;810,32
570;42;23952;1,35;772,65;44;25164;1,42;811,74
571;42;23994;1,35;774,00;44;25208;1,42;813,16
572;42;24036;1,35;775,35;44;25252;1,42;814,58
573;42;24078;1,35;776,71;45;25297;1,45;816,03
574;42;24120;1,35;778,06;44;25341;1,42;817,45
575;42;24162;1,35;779,42;44;25385;1,42;818,87
576;42;24204;1,35;780,77;45;25430;1,45;820,32
577;42;24246;1,35;782,13;44;25474;1,42;821,74
578;42;24288;1,35;783,48;44;25518;1,42;823,16
579;42;24330;1,35;784,84;44;25562;1,42;824,58
580;42;24372;1,35;786,19;44;25606;1,42;826,00
581;42;24414;1,35;787,55;45;25651;1,45;827,45
582;42;24456;1,35;788,90;45;25696;1,45;828,90
583;42;24498;1,35;790,26;45;25741;1,45;830,35
584;42;24540;1,35;791,61;45;25786;1,45;831,81
585;43;24583;1,39;793,00;45;25831;1,45;833,26
586;42;24625;1,35;794,35;45;25876;1,45;834,71
587;42;24667;1,35;795,71;45;25921;1,45;836,16
588;43;24710;1,39;797,10;45;25966;1,45;837,61
589;42;24752;1,35;798,45;45;26011;1,45;839,06
590;43;24795;1,39;799,84;45;26056;1,45;840,52
591;42;24837;1,35;801,19;45;26101;1,45;841,97
592;42;24879;1,35;802,55;45;26146;1,45;843,42
593;42;24921;1,35;803,90;45;26191;1,45;844,87
594;42;24963;1,35;805,26;45;26236;1,45;846,32
595;42;25005;1,35;806,61;46;26282;1,48;847,81
596;43;25048;1,39;808,00;45;26327;1,45;849,26
597;42;25090;1,35;809,35;45;26372;1,45;850,71
598;42;25132;1,35;810,71;45;26417;1,45;852,16
599;42;25174;1,35;812,06;45;26462;1,45;853,61
600;43;25217;1,39;813,45;45;26507;1,45;855,06
601;42;25259;1,35;814,81;45;26552;1,45;856,52
602;42;25301;1,35;816,16;45;26597;1,45;857,97
603;42;25343;1,35;817,52;44;26641;1,42;859,39
604;43;25386;1,39;818,90;45;26686;1,45;860,84
605;42;25428;1,35;820,26;44;26730;1,42;862,26
606;42;25470;1,35;821,61;44;26774;1,42;863,68
607;42;25512;1,35;822,97;44;26818;1,42;865,10
608;42;25554;1,35;824,32;44;26862;1,42;866,52
609;42;25596;1,35;825,68;45;26907;1,45;867,97
610;42;25638;1,35;827,03;44;26951;1,42;869,39
611;42;25680;1,35;828,39;44;26995;1,42;870,81
612;42;25722;1,35;829,74;44;27039;1,42;872,23
613;42;25764;1,35;831,10;44;27083;1,42;873,65
614;42;25806;1,35;832,45;44;27127;1,42;875,06
615;42;25848;1,35;833,81;44;27171;1,42;876,48
616;42;25890;1,35;835,16;45;27216;1,45;877,94
617;42;25932;1,35;836,52;44;27260;1,42;879,35
618;43;25975;1,39;837,90;44;27304;1,42;880,77
619;42;26017;1,35;839,26;44;27348;1,42;882,19
620;42;26059;1,35;840,61;44;27392;1,42;883,61
621;42;26101;1,35;841,97;44;27436;1,42;885,03
622;42;26143;1,35;843,32;44;27480;1,42;886,45
623;43;26186;1,39;844,71;44;27524;1,42;887,87
624;42;26228;1,35;846,06;44;27568;1,42;889,29
625;42;26270;1,35;847,42;44;27612;1,42;890,71
626;42;26312;1,35;848,77;44;27656;1,42;892,13
627;42;26354;1,35;850,13;44;27700;1,42;893,55
628;43;26397;1,39;851,52;45;27745;1,45;895,00
629;42;26439;1,35;852,87;44;27789;1,42;896,42
630;42;26481;1,35;854,23;44;27833;1,42;897,84
631;42;26523;1,35;855,58;44;27877;1,42;899,26
632;42;26565;1,35;856,94;44;27921;1,42;900,68
633;42;26607;1,35;858,29;44;27965;1,42;902,10
634;42;26649;1,35;859,65;44;28009;1,42;903,52
635;42;26691;1,35;861,00;44;28053;1,42;904,94
636;43;26734;1,39;862,39;44;28097;1,42;906,35
637;42;26776;1,35;863,74;44;28141;1,42;907,77
638;42;26818;1,35;865,10;44;28185;1,42;909,19
639;42;26860;1,35;866,45;44;28229;1,42;910,61
640;43;26903;1,39;867,84;46;28275;1,48;912,10
641;43;26946;1,39;869,23;45;28320;1,45;913,55
642;42;26988;1,35;870,58;45;28365;1,45;915,00
643;42;27030;1,35;871,94;45;28410;1,45;916,45
644;42;27072;1,35;873,29;45;28455;1,45;917,90
645;43;27115;1,39;874,68;45;28500;1,45;919,35
646;43;27158;1,39;876,06;45;28545;1,45;920,81
647;43;27201;1,39;877,45;45;28590;1,45;922,26
648;42;27243;1,35;878,81;45;28635;1,45;923,71
649;42;27285;1,35;880,16;45;28680;1,45;925,16
650;43;27328;1,39;881,55;45;28725;1,45;926,61
651;42;27370;1,35;882,90;45;28770;1,45;928,06
652;42;27412;1,35;884,26;45;28815;1,45;929,52
653;43;27455;1,39;885,65;45;28860;1,45;930,97
654;42;27497;1,35;887,00;45;28905;1,45;932,42
655;42;27539;1,35;888,35;45;28950;1,45;933,87
656;43;27582;1,39;889,74;44;28994;1,42;935,29
657;42;27624;1,35;891,10;45;29039;1,45;936,74
658;42;27666;1,35;892,45;45;29084;1,45;938,19
659;42;27708;1,35;893,81;45;29129;1,45;939,65
660;42;27750;1,35;895,16;45;29174;1,45;941,10
661;43;27793;1,39;896,55;45;29219;1,45;942,55
662;43;27836;1,39;897,94;45;29264;1,45;944,00
663;43;27879;1,39;899,32;45;29309;1,45;945,45
664;42;27921;1,35;900,68;46;29355;1,48;946,94
665;42;27963;1,35;902,03;45;29400;1,45;948,39
666;43;28006;1,39;903,42;45;29445;1,45;949,84
667;43;28049;1,39;904,81;45;29490;1,45;951,29
668;42;28091;1,35;906,16;45;29535;1,45;952,74
669;42;28133;1,35;907,52;45;29580;1,45;954,19
670;43;28176;1,39;908,90;45;29625;1,45;955,65
671;43;28219;1,39;910,29;45;29670;1,45;957,10
672;43;28262;1,39;911,68;45;29715;1,45;958,55
673;43;28305;1,39;913,06;46;29761;1,48;960,03
674;43;28348;1,39;914,45;45;29806;1,45;961,48
675;42;28390;1,35;915,81;45;29851;1,45;962,94
676;42;28432;1,35;917,16;46;29897;1,48;964,42
677;43;28475;1,39;918,55;45;29942;1,45;965,87
678;42;28517;1,35;919,90;45;29987;1,45;967,32
679;43;28560;1,39;921,29;45;30032;1,45;968,77
680;43;28603;1,39;922,68;45;30077;1,45;970,23
681;43;28646;1,39;924,06;45;30122;1,45;971,68
682;43;28689;1,39;925,45;44;30166;1,42;973,10
683;42;28731;1,35;926,81;44;30210;1,42;974,52
684;43;28774;1,39;928,19;44;30254;1,42;975,94
685;43;28817;1,39;929,58;44;30298;1,42;977,35
686;43;28860;1,39;930,97;44;30342;1,42;978,77
687;43;28903;1,39;932,35;44;30386;1,42;980,19
688;43;28946;1,39;933,74;45;30431;1,45;981,65
689;42;28988;1,35;935,10;45;30476;1,45;983,10
690;42;29030;1,35;936,45;45;30521;1,45;984,55
691;43;29073;1,39;937,84;45;30566;1,45;986,00
692;42;29115;1,35;939,19;45;30611;1,45;987,45
693;43;29158;1,39;940,58;45;30656;1,45;988,90
694;43;29201;1,39;941,97;45;30701;1,45;990,35
695;42;29243;1,35;943,32;45;30746;1,45;991,81
696;43;29286;1,39;944,71;45;30791;1,45;993,26
697;42;29328;1,35;946,06;45;30836;1,45;994,71
698;42;29370;1,35;947,42;45;30881;1,45;996,16
699;42;29412;1,35;948,77;45;30926;1,45;997,61
700;43;29455;1,39;950,16;45;30971;1,45;999,06
701;42;29497;1,35;951,52;45;31016;1,45;1000,52
702;42;29539;1,35;952,87;45;31061;1,45;1001,97
703;42;29581;1,35;954,23;46;31107;1,48;1003,45
704;43;29624;1,39;955,61;45;31152;1,45;1004,90
705;43;29667;1,39;957,00;45;31197;1,45;1006,35
706;42;29709;1,35;958,35;45;31242;1,45;1007,81
707;42;29751;1,35;959,71;45;31287;1,45;1009,26
708;42;29793;1,35;961,06;45;31332;1,45;1010,71
709;43;29836;1,39;962,45;45;31377;1,45;1012,16
710;43;29879;1,39;963,84;45;31422;1,45;1013,61
711;42;29921;1,35;965,19;45;31467;1,45;1015,06
712;42;29963;1,35;966,55;45;31512;1,45;1016,52
713;42;30005;1,35;967,90;45;31557;1,45;1017,97
714;43;30048;1,39;969,29;45;31602;1,45;1019,42
715;43;30091;1,39;970,68;45;31647;1,45;1020,87
716;43;30134;1,39;972,06;45;31692;1,45;1022,32
717;42;30176;1,35;973,42;45;31737;1,45;1023,77
718;43;30219;1,39;974,81;45;31782;1,45;1025,23
719;43;30262;1,39;976,19;45;31827;1,45;1026,68
720;43;30305;1,39;977,58;45;31872;1,45;1028,13
721;42;30347;1,35;978,94;45;31917;1,45;1029,58
722;43;30390;1,39;980,32;45;31962;1,45;1031,03
723;43;30433;1,39;981,71;45;32007;1,45;1032,48
724;43;30476;1,39;983,10;45;32052;1,45;1033,94
725;43;30519;1,39;984,48;45;32097;1,45;1035,39
726;43;30562;1,39;985,87;45;32142;1,45;1036,84
727;43;30605;1,39;987,26;45;32187;1,45;1038,29
728;42;30647;1,35;988,61;45;32232;1,45;1039,74
729;43;30690;1,39;990,00;45;32277;1,45;1041,19
730;43;30733;1,39;991,39;45;32322;1,45;1042,65
731;43;30776;1,39;992,77;45;32367;1,45;1044,10
732;43;30819;1,39;994,16;45;32412;1,45;1045,55
733;43;30862;1,39;995,55;45;32457;1,45;1047,00
734;43;30905;1,39;996,94;45;32502;1,45;1048,45
735;42;30947;1,35;998,29;44;32546;1,42;1049,87
736;43;30990;1,39;999,68;44;32590;1,42;1051,29
737;43;31033;1,39;1001,06;44;32634;1,42;1052,71
738;42;31075;1,35;1002,42;44;32678;1,42;1054,13
739;43;31118;1,39;1003,81;44;32722;1,42;1055,55
740;42;31160;1,35;1005,16;44;32766;1,42;1056,97
741;42;31202;1,35;1006,52;44;32810;1,42;1058,39
742;43;31245;1,39;1007,90;44;32854;1,42;1059,81
743;43;31288;1,39;1009,29;45;32899;1,45;1061,26
744;43;31331;1,39;1010,68;44;32943;1,42;1062,68
745;43;31374;1,39;1012,06;44;32987;1,42;1064,10
746;43;31417;1,39;1013,45;44;33031;1,42;1065,52
747;42;31459;1,35;1014,81;44;33075;1,42;1066,94
748;43;31502;1,39;1016,19;45;33120;1,45;1068,39
749;43;31545;1,39;1017,58;44;33164;1,42;1069,81
750;43;31588;1,39;1018,97;44;33208;1,42;1071,23
751;43;31631;1,39;1020,35;44;33252;1,42;1072,65
752;43;31674;1,39;1021,74;44;33296;1,42;1074,06
753;43;31717;1,39;1023,13;45;33341;1,45;1075,52
754;43;31760;1,39;1024,52;44;33385;1,42;1076,94
755;43;31803;1,39;1025,90;44;33429;1,42;1078,35
756;43;31846;1,39;1027,29;45;33474;1,45;1079,81
757;43;31889;1,39;1028,68;44;33518;1,42;1081,23
758;43;31932;1,39;1030,06;44;33562;1,42;1082,65
759;43;31975;1,39;1031,45;44;33606;1,42;1084,06
760;43;32018;1,39;1032,84;44;33650;1,42;1085,48
761;43;32061;1,39;1034,23;45;33695;1,45;1086,94
762;43;32104;1,39;1035,61;45;33740;1,45;1088,39
763;43;32147;1,39;1037,00;45;33785;1,45;1089,84
764;43;32190;1,39;1038,39;46;33831;1,48;1091,32
765;43;32233;1,39;1039,77;44;33875;1,42;1092,74
766;43;32276;1,39;1041,16;44;33919;1,42;1094,16
767;43;32319;1,39;1042,55;45;33964;1,45;1095,61
768;43;32362;1,39;1043,94;46;34010;1,48;1097,10
769;43;32405;1,39;1045,32;45;34055;1,45;1098,55
770;43;32448;1,39;1046,71;45;34100;1,45;1100,00
771;43;32491;1,39;1048,10;45;34145;1,45;1101,45
772;43;32534;1,39;1049,48;45;34190;1,45;1102,90
773;43;32577;1,39;1050,87;45;34235;1,45;1104,35
774;43;32620;1,39;1052,26;45;34280;1,45;1105,81
775;43;32663;1,39;1053,65;45;34325;1,45;1107,26
776;43;32706;1,39;1055,03;45;34370;1,45;1108,71
777;43;32749;1,39;1056,42;45;34415;1,45;1110,16
778;43;32792;1,39;1057,81;45;34460;1,45;1111,61
779;43;32835;1,39;1059,19;45;34505;1,45;1113,06
780;43;32878;1,39;1060,58;45;34550;1,45;1114,52
781;43;32921;1,39;1061,97;45;34595;1,45;1115,97
782;43;32964;1,39;1063,35;45;34640;1,45;1117,42
783;43;33007;1,39;1064,74;45;34685;1,45;1118,87
784;43;33050;1,39;1066,13;45;34730;1,45;1120,32
785;43;33093;1,39;1067,52;45;34775;1,45;1121,77
786;43;33136;1,39;1068,90;45;34820;1,45;1123,23
787;43;33179;1,39;1070,29;45;34865;1,45;1124,68
788;43;33222;1,39;1071,68;45;34910;1,45;1126,13
789;43;33265;1,39;1073,06;45;34955;1,45;1127,58
790;43;33308;1,39;1074,45;45;35000;1,45;1129,03
791;43;33351;1,39;1075,84;45;35045;1,45;1130,48
792;43;33394;1,39;1077,23;45;35090;1,45;1131,94
793;42;33436;1,35;1078,58;45;35135;1,45;1133,39
794;43;33479;1,39;1079,97;45;35180;1,45;1134,84
795;43;33522;1,39;1081,35;45;35225;1,45;1136,29
796;43;33565;1,39;1082,74;45;35270;1,45;1137,74
797;43;33608;1,39;1084,13;45;35315;1,45;1139,19
798;43;33651;1,39;1085,52;45;35360;1,45;1140,65
799;43;33694;1,39;1086,90;45;35405;1,45;1142,10
800;43;33737;1,39;1088,29;45;35450;1,45;1143,55
801;43;33780;1,39;1089,68;45;35495;1,45;1145,00
802;43;33823;1,39;1091,06;45;35540;1,45;1146,45
803;43;33866;1,39;1092,45;46;35586;1,48;1147,94
804;43;33909;1,39;1093,84;45;35631;1,45;1149,39
805;42;33951;1,35;1095,19;44;35675;1,42;1150,81
806;43;33994;1,39;1096,58;45;35720;1,45;1152,26
807;43;34037;1,39;1097,97;45;35765;1,45;1153,71
808;43;34080;1,39;1099,35;45;35810;1,45;1155,16
809;43;34123;1,39;1100,74;45;35855;1,45;1156,61
810;43;34166;1,39;1102,13;45;35900;1,45;1158,06
811;43;34209;1,39;1103,52;45;35945;1,45;1159,52
812;43;34252;1,39;1104,90;45;35990;1,45;1160,97
813;43;34295;1,39;1106,29;45;36035;1,45;1162,42
814;43;34338;1,39;1107,68;45;36080;1,45;1163,87
815;43;34381;1,39;1109,06;45;36125;1,45;1165,32
816;43;34424;1,39;1110,45;45;36170;1,45;1166,77
817;43;34467;1,39;1111,84;45;36215;1,45;1168,23
818;43;34510;1,39;1113,23;45;36260;1,45;1169,68
819;43;34553;1,39;1114,61;45;36305;1,45;1171,13
820;43;34596;1,39;1116,00;45;36350;1,45;1172,58
821;43;34639;1,39;1117,39;45;36395;1,45;1174,03
822;43;34682;1,39;1118,77;45;36440;1,45;1175,48
823;43;34725;1,39;1120,16;44;36484;1,42;1176,90
824;43;34768;1,39;1121,55;44;36528;1,42;1178,32
825;43;34811;1,39;1122,94;45;36573;1,45;1179,77
826;43;34854;1,39;1124,32;44;36617;1,42;1181,19
827;43;34897;1,39;1125,71;45;36662;1,45;1182,65
828;43;34940;1,39;1127,10;44;36706;1,42;1184,06
829;43;34983;1,39;1128,48;44;36750;1,42;1185,48
830;43;35026;1,39;1129,87;44;36794;1,42;1186,90
831;43;35069;1,39;1131,26;45;36839;1,45;1188,35
832;43;35112;1,39;1132,65;44;36883;1,42;1189,77
833;43;35155;1,39;1134,03;45;36928;1,45;1191,23
834;43;35198;1,39;1135,42;44;36972;1,42;1192,65
835;43;35241;1,39;1136,81;44;37016;1,42;1194,06
836;43;35284;1,39;1138,19;44;37060;1,42;1195,48
837;43;35327;1,39;1139,58;44;37104;1,42;1196,90
838;43;35370;1,39;1140,97;44;37148;1,42;1198,32
839;43;35413;1,39;1142,35;44;37192;1,42;1199,74
840;43;35456;1,39;1143,74;44;37236;1,42;1201,16
841;43;35499;1,39;1145,13;44;37280;1,42;1202,58
842;43;35542;1,39;1146,52;44;37324;1,42;1204,00
843;43;35585;1,39;1147,90;44;37368;1,42;1205,42
844;43;35628;1,39;1149,29;45;37413;1,45;1206,87
845;43;35671;1,39;1150,68;44;37457;1,42;1208,29
846;43;35714;1,39;1152,06;44;37501;1,42;1209,71
847;43;35757;1,39;1153,45;44;37545;1,42;1211,13
848;43;35800;1,39;1154,84;44;37589;1,42;1212,55
849;43;35843;1,39;1156,23;44;37633;1,42;1213,97
850;43;35886;1,39;1157,61;45;37678;1,45;1215,42
851;43;35929;1,39;1159,00;44;37722;1,42;1216,84
852;43;35972;1,39;1160,39;44;37766;1,42;1218,26
853;43;36015;1,39;1161,77;44;37810;1,42;1219,68
854;43;36058;1,39;1163,16;44;37854;1,42;1221,10
855;43;36101;1,39;1164,55;44;37898;1,42;1222,52
856;43;36144;1,39;1165,94;44;37942;1,42;1223,94
857;43;36187;1,39;1167,32;44;37986;1,42;1225,35
858;43;36230;1,39;1168,71;45;38031;1,45;1226,81
859;43;36273;1,39;1170,10;44;38075;1,42;1228,23
860;43;36316;1,39;1171,48;44;38119;1,42;1229,65
861;43;36359;1,39;1172,87;44;38163;1,42;1231,06
862;43;36402;1,39;1174,26;44;38207;1,42;1232,48
863;43;36445;1,39;1175,65;45;38252;1,45;1233,94
864;43;36488;1,39;1177,03;44;38296;1,42;1235,35
865;43;36531;1,39;1178,42;44;38340;1,42;1236,77
866;43;36574;1,39;1179,81;44;38384;1,42;1238,19
867;43;36617;1,39;1181,19;44;38428;1,42;1239,61
868;43;36660;1,39;1182,58;45;38473;1,45;1241,06
869;43;36703;1,39;1183,97;45;38518;1,45;1242,52
870;43;36746;1,39;1185,35;45;38563;1,45;1243,97
871;43;36789;1,39;1186,74;44;38607;1,42;1245,39
872;43;36832;1,39;1188,13;44;38651;1,42;1246,81
873;43;36875;1,39;1189,52;45;38696;1,45;1248,26
874;43;36918;1,39;1190,90;44;38740;1,42;1249,68
875;43;36961;1,39;1192,29;44;38784;1,42;1251,10
876;43;37004;1,39;1193,68;44;38828;1,42;1252,52
877;43;37047;1,39;1195,06;45;38873;1,45;1253,97
878;43;37090;1,39;1196,45;44;38917;1,42;1255,39
879;43;37133;1,39;1197,84;44;38961;1,42;1256,81
880;43;37176;1,39;1199,23;45;39006;1,45;1258,26
881;43;37219;1,39;1200,61;44;39050;1,42;1259,68
882;43;37262;1,39;1202,00;44;39094;1,42;1261,10
883;43;37305;1,39;1203,39;44;39138;1,42;1262,52
884;43;37348;1,39;1204,77;44;39182;1,42;1263,94
885;43;37391;1,39;1206,16;45;39227;1,45;1265,39
886;43;37434;1,39;1207,55;45;39272;1,45;1266,84
887;43;37477;1,39;1208,94;44;39316;1,42;1268,26
888;43;37520;1,39;1210,32;44;39360;1,42;1269,68
889;43;37563;1,39;1211,71;44;39404;1,42;1271,10
890;43;37606;1,39;1213,10;44;39448;1,42;1272,52
891;43;37649;1,39;1214,48;45;39493;1,45;1273,97
892;43;37692;1,39;1215,87;45;39538;1,45;1275,42
893;43;37735;1,39;1217,26;44;39582;1,42;1276,84
894;43;37778;1,39;1218,65;44;39626;1,42;1278,26
895;43;37821;1,39;1220,03;44;39670;1,42;1279,68
896;43;37864;1,39;1221,42;45;39715;1,45;1281,13
897;43;37907;1,39;1222,81;44;39759;1,42;1282,55
898;43;37950;1,39;1224,19;44;39803;1,42;1283,97
899;43;37993;1,39;1225,58;44;39847;1,42;1285,39
900;43;38036;1,39;1226,97;44;39891;1,42;1286,81
901;43;38079;1,39;1228,35;44;39935;1,42;1288,23
902;43;38122;1,39;1229,74;44;39979;1,42;1289,65
903;43;38165;1,39;1231,13;44;40023;1,42;1291,06
904;43;38208;1,39;1232,52;44;40067;1,42;1292,48
905;43;38251;1,39;1233,90;44;40111;1,42;1293,90
906;43;38294;1,39;1235,29;45;40156;1,45;1295,35
907;43;38337;1,39;1236,68;44;40200;1,42;1296,77
908;43;38380;1,39;1238,06;44;40244;1,42;1298,19
909;43;38423;1,39;1239,45;44;40288;1,42;1299,61
910;43;38466;1,39;1240,84;44;40332;1,42;1301,03
911;43;38509;1,39;1242,23;44;40376;1,42;1302,45
912;43;38552;1,39;1243,61;45;40421;1,45;1303,90
913;43;38595;1,39;1245,00;44;40465;1,42;1305,32
914;43;38638;1,39;1246,39;44;40509;1,42;1306,74
915;43;38681;1,39;1247,77;44;40553;1,42;1308,16
916;43;38724;1,39;1249,16;45;40598;1,45;1309,61
917;43;38767;1,39;1250,55;44;40642;1,42;1311,03
918;43;38810;1,39;1251,94;44;40686;1,42;1312,45
919;43;38853;1,39;1253,32;44;40730;1,42;1313,87
920;43;38896;1,39;1254,71;44;40774;1,42;1315,29
921;43;38939;1,39;1256,10;45;40819;1,45;1316,74
922;43;38982;1,39;1257,48;45;40864;1,45;1318,19
923;44;39026;1,42;1258,90;44;40908;1,42;1319,61
924;43;39069;1,39;1260,29;44;40952;1,42;1321,03
925;43;39112;1,39;1261,68;44;40996;1,42;1322,45
926;43;39155;1,39;1263,06;44;41040;1,42;1323,87
927;43;39198;1,39;1264,45;44;41084;1,42;1325,29
928;43;39241;1,39;1265,84;44;41128;1,42;1326,71
929;43;39284;1,39;1267,23;45;41173;1,45;1328,16
930;43;39327;1,39;1268,61;44;41217;1,42;1329,58
931;43;39370;1,39;1270,00;44;41261;1,42;1331,00
932;43;39413;1,39;1271,39;44;41305;1,42;1332,42
933;43;39456;1,39;1272,77;45;41350;1,45;1333,87
934;43;39499;1,39;1274,16;45;41395;1,45;1335,32
935;43;39542;1,39;1275,55;45;41440;1,45;1336,77
936;43;39585;1,39;1276,94;45;41485;1,45;1338,23
937;43;39628;1,39;1278,32;45;41530;1,45;1339,68
938;43;39671;1,39;1279,71;45;41575;1,45;1341,13
939;43;39714;1,39;1281,10;45;41620;1,45;1342,58
940;43;39757;1,39;1282,48;44;41664;1,42;1344,00
941;43;39800;1,39;1283,87;44;41708;1,42;1345,42
942;43;39843;1,39;1285,26;44;41752;1,42;1346,84
943;43;39886;1,39;1286,65;45;41797;1,45;1348,29
944;43;39929;1,39;1288,03;45;41842;1,45;1349,74
945;43;39972;1,39;1289,42;45;41887;1,45;1351,19
946;43;40015;1,39;1290,81;45;41932;1,45;1352,65
947;43;40058;1,39;1292,19;44;41976;1,42;1354,06
948;43;40101;1,39;1293,58;44;42020;1,42;1355,48
949;43;40144;1,39;1294,97;44;42064;1,42;1356,90
950;43;40187;1,39;1296,35;45;42109;1,45;1358,35
951;43;40230;1,39;1297,74;44;42153;1,42;1359,77
952;43;40273;1,39;1299,13;44;42197;1,42;1361,19
953;43;40316;1,39;1300,52;44;42241;1,42;1362,61
954;43;40359;1,39;1301,90;44;42285;1,42;1364,03
955;43;40402;1,39;1303,29;44;42329;1,42;1365,45
956;43;40445;1,39;1304,68;44;42373;1,42;1366,87
957;43;40488;1,39;1306,06;44;42417;1,42;1368,29
958;43;40531;1,39;1307,45;44;42461;1,42;1369,71
959;43;40574;1,39;1308,84;44;42505;1,42;1371,13
960;43;40617;1,39;1310,23;44;42549;1,42;1372,55
961;43;40660;1,39;1311,61;44;42593;1,42;1373,97
962;43;40703;1,39;1313,00;45;42638;1,45;1375,42
963;43;40746;1,39;1314,39;44;42682;1,42;1376,84
964;43;40789;1,39;1315,77;45;42727;1,45;1378,29
965;43;40832;1,39;1317,16;44;42771;1,42;1379,71
966;43;40875;1,39;1318,55;45;42816;1,45;1381,16
967;43;40918;1,39;1319,94;44;42860;1,42;1382,58
968;43;40961;1,39;1321,32;44;42904;1,42;1384,00
969;43;41004;1,39;1322,71;45;42949;1,45;1385,45
970;43;41047;1,39;1324,10;44;42993;1,42;1386,87
971;43;41090;1,39;1325,48;44;43037;1,42;1388,29
972;43;41133;1,39;1326,87;44;43081;1,42;1389,71
973;43;41176;1,39;1328,26;44;43125;1,42;1391,13
974;43;41219;1,39;1329,65;44;43169;1,42;1392,55
975;43;41262;1,39;1331,03;44;43213;1,42;1393,97
976;43;41305;1,39;1332,42;44;43257;1,42;1395,39
977;43;41348;1,39;1333,81;45;43302;1,45;1396,84
978;43;41391;1,39;1335,19;44;43346;1,42;1398,26
979;43;41434;1,39;1336,58;45;43391;1,45;1399,71
980;43;41477;1,39;1337,97;44;43435;1,42;1401,13
981;43;41520;1,39;1339,35;44;43479;1,42;1402,55
982;43;41563;1,39;1340,74;45;43524;1,45;1404,00
983;43;41606;1,39;1342,13;45;43569;1,45;1405,45
984;43;41649;1,39;1343,52;44;43613;1,42;1406,87
985;43;41692;1,38709677419355;1344,90322580648;44;43657;1,41935483870968;1408,29032258066
986;43;41735;1,38709677419355;1346,29032258068;44;43701;1,41935483870968;1409,70967741937
987;43;41778;1,38709677419355;1347,67741935487;44;43745;1,41935483870968;1411,12903225808
988;43;41821;1,38709677419355;1349,06451612906;44;43789;1,41935483870968;1412,54838709679
989;43;41864;1,38709677419355;1350,45161290326;45;43834;1,45161290322581;1414,00000000002
990;43;41907;1,38709677419355;1351,83870967745;44;43878;1,41935483870968;1415,41935483873
991;43;41950;1,38709677419355;1353,22580645164;44;43922;1,41935483870968;1416,83870967744
992;43;41993;1,38709677419355;1354,61290322584;44;43966;1,41935483870968;1418,25806451615
993;43;42036;1,38709677419355;1356,00000000003;44;44010;1,41935483870968;1419,67741935486
994;43;42079;1,38709677419355;1357,38709677422;45;44055;1,45161290322581;1421,12903225808
995;43;42122;1,38709677419355;1358,77419354842;44;44099;1,41935483870968;1422,54838709679
996;43;42165;1,38709677419355;1360,16129032261;44;44143;1,41935483870968;1423,9677419355
997;43;42208;1,38709677419355;1361,54838709681;44;44187;1,41935483870968;1425,38709677421
998;43;42251;1,38709677419355;1362,935483871;44;44231;1,41935483870968;1426,80645161292
999;43;42294;1,38709677419355;1364,32258064519;45;44276;1,45161290322581;1428,25806451615
1000;43;42337;1,38709677419355;1365,70967741939;44;44320;1,41935483870968;1429,67741935486
1001;43;42380;1,38709677419355;1367,09677419358;44;44364;1,41935483870968;1431,09677419357
1002;43;42423;1,38709677419355;1368,48387096777;45;44409;1,45161290322581;1432,54838709679
1003;43;42466;1,38709677419355;1369,87096774197;44;44453;1,41935483870968;1433,9677419355
1004;43;42509;1,38709677419355;1371,25806451616;45;44498;1,45161290322581;1435,41935483873
1005;43;42552;1,38709677419355;1372,64516129036;44;44542;1,41935483870968;1436,83870967744
1006;43;42595;1,38709677419355;1374,03225806455;45;44587;1,45161290322581;1438,29032258066
1007;43;42638;1,38709677419355;1375,41935483874;44;44631;1,41935483870968;1439,70967741937
1008;43;42681;1,38709677419355;1376,80645161294;44;44675;1,41935483870968;1441,12903225808
1009;43;42724;1,38709677419355;1378,19354838713;44;44719;1,41935483870968;1442,54838709679
1010;43;42767;1,38709677419355;1379,58064516132;44;44763;1,41935483870968;1443,9677419355
1011;43;42810;1,38709677419355;1380,96774193552;45;44808;1,45161290322581;1445,41935483873
1012;43;42853;1,38709677419355;1382,35483870971;45;44853;1,45161290322581;1446,87096774195
1013;43;42896;1,38709677419355;1383,7419354839;45;44898;1,45161290322581;1448,32258064518
1014;43;42939;1,38709677419355;1385,1290322581;44;44942;1,41935483870968;1449,74193548389
1015;43;42982;1,38709677419355;1386,51612903229;44;44986;1,41935483870968;1451,1612903226
1016;43;43025;1,38709677419355;1387,90322580649;44;45030;1,41935483870968;1452,58064516131
1017;43;43068;1,38709677419355;1389,29032258068;44;45074;1,41935483870968;1454,00000000002
1018;43;43111;1,38709677419355;1390,67741935487;44;45118;1,41935483870968;1455,41935483873
1019;43;43154;1,38709677419355;1392,06451612907;45;45163;1,45161290322581;1456,87096774195
1020;43;43197;1,38709677419355;1393,45161290326;45;45208;1,45161290322581;1458,32258064518
1021;43;43240;1,38709677419355;1394,83870967745;44;45252;1,41935483870968;1459,74193548389
1022;43;43283;1,38709677419355;1396,22580645165;44;45296;1,41935483870968;1461,1612903226
1023;43;43326;1,38709677419355;1397,61290322584;45;45341;1,45161290322581;1462,61290322583
1024;43;43369;1,38709677419355;1399,00000000003;44;45385;1,41935483870968;1464,03225806454
1025;43;43412;1,38709677419355;1400,38709677423;44;45429;1,41935483870968;1465,45161290325
1026;43;43455;1,38709677419355;1401,77419354842;44;45473;1,41935483870968;1466,87096774196
1027;43;43498;1,38709677419355;1403,16129032262;44;45517;1,41935483870968;1468,29032258067
1028;43;43541;1,38709677419355;1404,54838709681;44;45561;1,41935483870968;1469,70967741938
1029;43;43584;1,38709677419355;1405,935483871;44;45605;1,41935483870968;1471,12903225808
1030;43;43627;1,38709677419355;1407,3225806452;45;45650;1,45161290322581;1472,58064516131
1031;43;43670;1,38709677419355;1408,70967741939;45;45695;1,45161290322581;1474,03225806454
1032;43;43713;1,38709677419355;1410,09677419358;44;45739;1,41935483870968;1475,45161290325
1033;43;43756;1,38709677419355;1411,48387096778;45;45784;1,45161290322581;1476,90322580647
1034;43;43799;1,38709677419355;1412,87096774197;44;45828;1,41935483870968;1478,32258064518
1035;43;43842;1,38709677419355;1414,25806451616;45;45873;1,45161290322581;1479,77419354841
1036;43;43885;1,38709677419355;1415,64516129036;44;45917;1,41935483870968;1481,19354838712
1037;43;43928;1,38709677419355;1417,03225806455;44;45961;1,41935483870968;1482,61290322583
1038;43;43971;1,38709677419355;1418,41935483875;45;46006;1,45161290322581;1484,06451612905
1039;43;44014;1,38709677419355;1419,80645161294;44;46050;1,41935483870968;1485,48387096776
1040;353;44367;11,3870967741935;1431,19354838713;356;46406;11,4838709677419;1496,9677419355
1041;354;44721;11,4193548387097;1442,61290322584;356;46762;11,4838709677419;1508,45161290325
