ORIGINAL_PROGRAM;-1
CenteredImageSpan_0_BinaryMutator;6
CenteredImageSpan_1_BinaryMutator;106
CenteredImageSpan_2_BinaryMutator;206
CenteredImageSpan_3_BinaryMutator;306
CenteredImageSpan_4_BinaryMutator;406
CenteredImageSpan_5_BinaryMutator;506
CenteredImageSpan_6_BinaryMutator;606
CenteredImageSpan_7_BinaryMutator;706
CenteredImageSpan_8_BinaryMutator;806
CenteredImageSpan_9_BinaryMutator;906
CenteredImageSpan_10_BinaryMutator;1006
CenteredImageSpan_11_BinaryMutator;1106
CenteredImageSpan_12_BinaryMutator;1206
CenteredImageSpan_13_BinaryMutator;1306
CenteredImageSpan_14_BinaryMutator;1406
CenteredImageSpan_15_BinaryMutator;1506
CenteredImageSpan_16_BinaryMutator;1606
MorphRectangleToCircle_0_BinaryMutator;7
MorphRectangleToCircle_1_BinaryMutator;107
SpinningImageButton_0_BinaryMutator;8
SpinningImageButton_1_BinaryMutator;108
SimplenoteEditText_0_BinaryMutator;11
SimplenoteEditText_1_BinaryMutator;111
SimplenoteEditText_2_BinaryMutator;211
SimplenoteEditText_3_BinaryMutator;311
SimplenoteEditText_4_BinaryMutator;411
SimplenoteEditText_5_BinaryMutator;511
SimplenoteEditText_6_BinaryMutator;611
SimplenoteEditText_7_BinaryMutator;711
MorphCircleToRectangle_0_BinaryMutator;13
MorphCircleToRectangle_1_BinaryMutator;113
Note_0_BinaryMutator;20
Note_1_BinaryMutator;120
Note_2_BinaryMutator;220
Note_3_BinaryMutator;320
Note_4_BinaryMutator;420
Note_5_BinaryMutator;520
Note_6_BinaryMutator;620
Note_7_BinaryMutator;720
Note_8_BinaryMutator;820
Note_9_BinaryMutator;920
ThemeUtils_0_BinaryMutator;26
AutoBullet_0_BinaryMutator;27
AutoBullet_1_BinaryMutator;127
AutoBullet_2_BinaryMutator;227
IconResizer_0_BinaryMutator;31
IconResizer_1_BinaryMutator;131
IconResizer_2_BinaryMutator;231
IconResizer_3_BinaryMutator;331
IconResizer_4_BinaryMutator;431
IconResizer_5_BinaryMutator;531
IconResizer_6_BinaryMutator;631
IconResizer_7_BinaryMutator;731
IconResizer_8_BinaryMutator;831
IconResizer_9_BinaryMutator;931
IconResizer_10_BinaryMutator;1031
IconResizer_11_BinaryMutator;1131
IconResizer_12_BinaryMutator;1231
IconResizer_13_BinaryMutator;1331
IconResizer_14_BinaryMutator;1431
UndoBarController_0_LengthyGUIListenerOperatorMutator;34
SearchTokenizer_0_BinaryMutator;35
SimplenoteLinkify_0_NullIntentOperatorMutator;37
SimplenoteLinkify_1_InvalidKeyIntentOperatorMutator;137
SimplenoteLinkify_2_RandomActionIntentDefinitionOperatorMutator;237
SimplenoteLinkify_3_NullValueIntentPutExtraOperatorMutator;337
SimplenoteLinkify_4_IntentPayloadReplacementOperatorMutator;437
SimplenoteLinkify_5_RandomActionIntentDefinitionOperatorMutator;537
SimplenoteLinkify_6_NullValueIntentPutExtraOperatorMutator;637
SimplenoteLinkify_7_IntentPayloadReplacementOperatorMutator;737
SimplenoteLinkify_8_RandomActionIntentDefinitionOperatorMutator;837
SimplenoteLinkify_9_NullValueIntentPutExtraOperatorMutator;937
SimplenoteLinkify_10_IntentPayloadReplacementOperatorMutator;1037
SimplenoteLinkify_11_RandomActionIntentDefinitionOperatorMutator;1137
SimplenoteLinkify_12_NullValueIntentPutExtraOperatorMutator;1237
SimplenoteLinkify_13_IntentPayloadReplacementOperatorMutator;1337
SimplenoteLinkify_14_RandomActionIntentDefinitionOperatorMutator;1437
SimplenoteLinkify_15_RandomActionIntentDefinitionOperatorMutator;1537
LinkTokenizer_0_BinaryMutator;40
SearchSnippetFormatter_0_BinaryMutator;41
SearchSnippetFormatter_1_BinaryMutator;141
SimplenoteProgressDialogFragment_0_LengthyGUICreationOperatorMutator;42
SimplenoteProgressDialogFragment_1_InvalidViewFocusOperatorMutator;142
SimplenoteProgressDialogFragment_2_ViewComponentNotVisibleOperatorMutator;242
ShareButtonAdapter_0_InvalidViewFocusOperatorMutator;44
ShareButtonAdapter_1_ViewComponentNotVisibleOperatorMutator;144
WidgetUtils_0_NullIntentOperatorMutator;46
WidgetUtils_1_RandomActionIntentDefinitionOperatorMutator;146
WidgetUtils_2_RandomActionIntentDefinitionOperatorMutator;246
WidgetUtils_3_NullValueIntentPutExtraOperatorMutator;346
WidgetUtils_4_IntentPayloadReplacementOperatorMutator;446
WidgetUtils_5_RandomActionIntentDefinitionOperatorMutator;546
WidgetUtils_6_NullIntentOperatorMutator;646
WidgetUtils_7_RandomActionIntentDefinitionOperatorMutator;746
WidgetUtils_8_RandomActionIntentDefinitionOperatorMutator;846
WidgetUtils_9_NullValueIntentPutExtraOperatorMutator;946
WidgetUtils_10_IntentPayloadReplacementOperatorMutator;1046
WidgetUtils_11_RandomActionIntentDefinitionOperatorMutator;1146
WidgetUtils_12_NullIntentOperatorMutator;1246
WidgetUtils_13_RandomActionIntentDefinitionOperatorMutator;1346
WidgetUtils_14_RandomActionIntentDefinitionOperatorMutator;1446
WidgetUtils_15_NullValueIntentPutExtraOperatorMutator;1546
WidgetUtils_16_IntentPayloadReplacementOperatorMutator;1646
WidgetUtils_17_RandomActionIntentDefinitionOperatorMutator;1746
WidgetUtils_18_NullIntentOperatorMutator;1846
WidgetUtils_19_RandomActionIntentDefinitionOperatorMutator;1946
WidgetUtils_20_RandomActionIntentDefinitionOperatorMutator;2046
WidgetUtils_21_NullValueIntentPutExtraOperatorMutator;2146
WidgetUtils_22_IntentPayloadReplacementOperatorMutator;2246
WidgetUtils_23_RandomActionIntentDefinitionOperatorMutator;2346
BrowserUtils_0_NullIntentOperatorMutator;47
BrowserUtils_1_InvalidKeyIntentOperatorMutator;147
BrowserUtils_2_RandomActionIntentDefinitionOperatorMutator;247
BrowserUtils_3_BuggyGUIListenerOperatorMutator;347
BrowserUtils_4_LengthyGUIListenerOperatorMutator;447
BrowserUtils_5_BuggyGUIListenerOperatorMutator;547
BrowserUtils_6_LengthyGUIListenerOperatorMutator;647
NoteUtils_0_NullIntentOperatorMutator;48
NoteUtils_1_RandomActionIntentDefinitionOperatorMutator;148
NoteUtils_2_NullValueIntentPutExtraOperatorMutator;248
NoteUtils_3_IntentPayloadReplacementOperatorMutator;348
NoteUtils_4_RandomActionIntentDefinitionOperatorMutator;448
NoteUtils_5_BuggyGUIListenerOperatorMutator;548
NoteUtils_6_LengthyGUIListenerOperatorMutator;648
ChecklistUtils_0_BinaryMutator;50
ChecklistUtils_1_BinaryMutator;150
ChecklistUtils_2_BinaryMutator;250
ChecklistUtils_3_BinaryMutator;350
ChecklistUtils_4_BinaryMutator;450
ChecklistUtils_5_BinaryMutator;550
ChecklistUtils_6_BinaryMutator;650
ChecklistUtils_7_BinaryMutator;750
ChecklistUtils_8_BinaryMutator;850
ChecklistUtils_9_BinaryMutator;950
ChecklistUtils_10_BinaryMutator;1050
NetworkUtils_0_BinaryMutator;52
NetworkUtils_1_BinaryMutator;152
NetworkUtils_2_BinaryMutator;252
NetworkUtils_3_BinaryMutator;352
SimplenoteMovementMethod_0_BinaryMutator;57
MatchOffsetHighlighter_0_BinaryMutator;59
MatchOffsetHighlighter_1_BinaryMutator;159
MatchOffsetHighlighter_2_BinaryMutator;259
MatchOffsetHighlighter_3_BinaryMutator;359
MatchOffsetHighlighter_4_BinaryMutator;459
MatchOffsetHighlighter_5_BinaryMutator;559
MatchOffsetHighlighter_6_BinaryMutator;659
MatchOffsetHighlighter_7_BinaryMutator;759
MatchOffsetHighlighter_8_BinaryMutator;859
MatchOffsetHighlighter_9_BinaryMutator;959
MatchOffsetHighlighter_10_BinaryMutator;1059
DrawableUtils_0_BinaryMutator;61
DisplayUtils_0_BinaryMutator;62
SimplenoteSignupActivity_0_LengthyGUICreationOperatorMutator;64
SimplenoteSignupActivity_1_FindViewByIdReturnsNullOperatorMutator;164
SimplenoteSignupActivity_2_InvalidIDFindViewOperatorMutator;264
SimplenoteSignupActivity_3_InvalidViewFocusOperatorMutator;364
SimplenoteSignupActivity_4_ViewComponentNotVisibleOperatorMutator;464
SignupFragment_0_InvalidViewFocusOperatorMutator;66
SignupFragment_1_ViewComponentNotVisibleOperatorMutator;166
SignupFragment_2_BuggyGUIListenerOperatorMutator;266
SignupFragment_3_LengthyGUIListenerOperatorMutator;366
SignupFragment_4_BuggyGUIListenerOperatorMutator;466
SignupFragment_5_LengthyGUIListenerOperatorMutator;566
SimplenoteAuthenticationActivity_0_NullIntentOperatorMutator;67
SimplenoteAuthenticationActivity_1_InvalidKeyIntentOperatorMutator;167
SimplenoteAuthenticationActivity_2_RandomActionIntentDefinitionOperatorMutator;267
SimplenoteAuthenticationActivity_3_NullIntentOperatorMutator;367
SimplenoteAuthenticationActivity_4_InvalidKeyIntentOperatorMutator;467
SimplenoteAuthenticationActivity_5_RandomActionIntentDefinitionOperatorMutator;567
SimplenoteAuthenticationActivity_6_NullValueIntentPutExtraOperatorMutator;667
SimplenoteAuthenticationActivity_7_IntentPayloadReplacementOperatorMutator;767
SimplenoteAuthenticationActivity_8_RandomActionIntentDefinitionOperatorMutator;867
SimplenoteAuthenticationActivity_9_RandomActionIntentDefinitionOperatorMutator;967
NoteWidgetLight_0_NullIntentOperatorMutator;69
NoteWidgetLight_1_InvalidKeyIntentOperatorMutator;169
NoteWidgetLight_2_RandomActionIntentDefinitionOperatorMutator;269
NoteWidgetLight_3_NullValueIntentPutExtraOperatorMutator;369
NoteWidgetLight_4_IntentPayloadReplacementOperatorMutator;469
NoteWidgetLight_5_RandomActionIntentDefinitionOperatorMutator;569
NoteWidgetLight_6_RandomActionIntentDefinitionOperatorMutator;669
NoteWidgetLight_7_NullIntentOperatorMutator;769
NoteWidgetLight_8_InvalidKeyIntentOperatorMutator;869
NoteWidgetLight_9_RandomActionIntentDefinitionOperatorMutator;969
NoteWidgetLight_10_RandomActionIntentDefinitionOperatorMutator;1069
NoteWidgetLight_11_NullValueIntentPutExtraOperatorMutator;1169
NoteWidgetLight_12_IntentPayloadReplacementOperatorMutator;1269
NoteWidgetLight_13_RandomActionIntentDefinitionOperatorMutator;1369
NoteWidgetLight_14_RandomActionIntentDefinitionOperatorMutator;1469
NoteWidgetLight_15_BinaryMutator;1569
NoteWidgetLight_16_NullIntentOperatorMutator;1669
NoteWidgetLight_17_InvalidKeyIntentOperatorMutator;1769
NoteWidgetLight_18_RandomActionIntentDefinitionOperatorMutator;1869
NoteWidgetLight_19_RandomActionIntentDefinitionOperatorMutator;1969
NoteWidgetLight_20_NullValueIntentPutExtraOperatorMutator;2069
NoteWidgetLight_21_IntentPayloadReplacementOperatorMutator;2169
NoteWidgetLight_22_RandomActionIntentDefinitionOperatorMutator;2269
NoteWidgetLight_23_NullValueIntentPutExtraOperatorMutator;2369
NoteWidgetLight_24_IntentPayloadReplacementOperatorMutator;2469
NoteWidgetLight_25_RandomActionIntentDefinitionOperatorMutator;2569
BottomSheetDialogBase_0_InvalidViewFocusOperatorMutator;70
BottomSheetDialogBase_1_ViewComponentNotVisibleOperatorMutator;170
AboutFragment_0_InvalidViewFocusOperatorMutator;72
AboutFragment_1_ViewComponentNotVisibleOperatorMutator;172
AboutFragment_2_InvalidViewFocusOperatorMutator;272
AboutFragment_3_ViewComponentNotVisibleOperatorMutator;372
AboutFragment_4_InvalidViewFocusOperatorMutator;472
AboutFragment_5_ViewComponentNotVisibleOperatorMutator;572
AboutFragment_6_InvalidViewFocusOperatorMutator;672
AboutFragment_7_ViewComponentNotVisibleOperatorMutator;772
AboutFragment_8_InvalidViewFocusOperatorMutator;872
AboutFragment_9_ViewComponentNotVisibleOperatorMutator;972
AboutFragment_10_InvalidViewFocusOperatorMutator;1072
AboutFragment_11_ViewComponentNotVisibleOperatorMutator;1172
AboutFragment_12_InvalidViewFocusOperatorMutator;1272
AboutFragment_13_ViewComponentNotVisibleOperatorMutator;1372
AboutFragment_14_InvalidViewFocusOperatorMutator;1472
AboutFragment_15_ViewComponentNotVisibleOperatorMutator;1572
AboutFragment_16_InvalidViewFocusOperatorMutator;1672
AboutFragment_17_ViewComponentNotVisibleOperatorMutator;1772
AboutFragment_18_InvalidViewFocusOperatorMutator;1872
AboutFragment_19_ViewComponentNotVisibleOperatorMutator;1972
AboutFragment_20_InvalidViewFocusOperatorMutator;2072
AboutFragment_21_ViewComponentNotVisibleOperatorMutator;2172
AboutFragment_22_BuggyGUIListenerOperatorMutator;2272
AboutFragment_23_LengthyGUIListenerOperatorMutator;2372
AboutFragment_24_BuggyGUIListenerOperatorMutator;2472
AboutFragment_25_LengthyGUIListenerOperatorMutator;2572
AboutFragment_26_BuggyGUIListenerOperatorMutator;2672
AboutFragment_27_LengthyGUIListenerOperatorMutator;2772
AboutFragment_28_BuggyGUIListenerOperatorMutator;2872
AboutFragment_29_LengthyGUIListenerOperatorMutator;2972
AboutFragment_30_InvalidKeyIntentOperatorMutator;3072
AboutFragment_31_RandomActionIntentDefinitionOperatorMutator;3172
AboutFragment_32_RandomActionIntentDefinitionOperatorMutator;3272
AboutFragment_33_BuggyGUIListenerOperatorMutator;3372
AboutFragment_34_LengthyGUIListenerOperatorMutator;3472
AboutFragment_35_BuggyGUIListenerOperatorMutator;3572
AboutFragment_36_LengthyGUIListenerOperatorMutator;3672
AboutFragment_37_BuggyGUIListenerOperatorMutator;3772
AboutFragment_38_LengthyGUIListenerOperatorMutator;3872
AboutFragment_39_BuggyGUIListenerOperatorMutator;3972
AboutFragment_40_LengthyGUIListenerOperatorMutator;4072
AboutFragment_41_BuggyGUIListenerOperatorMutator;4172
AboutFragment_42_LengthyGUIListenerOperatorMutator;4272
AboutFragment_43_BinaryMutator;4372
NoteListWidgetLight_0_NullIntentOperatorMutator;73
NoteListWidgetLight_1_InvalidKeyIntentOperatorMutator;173
NoteListWidgetLight_2_RandomActionIntentDefinitionOperatorMutator;273
NoteListWidgetLight_3_NullValueIntentPutExtraOperatorMutator;373
NoteListWidgetLight_4_IntentPayloadReplacementOperatorMutator;473
NoteListWidgetLight_5_RandomActionIntentDefinitionOperatorMutator;573
NoteListWidgetLight_6_RandomActionIntentDefinitionOperatorMutator;673
NoteListWidgetLight_7_NullIntentOperatorMutator;773
NoteListWidgetLight_8_InvalidKeyIntentOperatorMutator;873
NoteListWidgetLight_9_RandomActionIntentDefinitionOperatorMutator;973
NoteListWidgetLight_10_NullIntentOperatorMutator;1073
NoteListWidgetLight_11_InvalidKeyIntentOperatorMutator;1173
NoteListWidgetLight_12_RandomActionIntentDefinitionOperatorMutator;1273
NoteListWidgetLight_13_NullValueIntentPutExtraOperatorMutator;1373
NoteListWidgetLight_14_IntentPayloadReplacementOperatorMutator;1473
NoteListWidgetLight_15_RandomActionIntentDefinitionOperatorMutator;1573
NoteListWidgetLight_16_RandomActionIntentDefinitionOperatorMutator;1673
NoteListWidgetLight_17_NullIntentOperatorMutator;1773
NoteListWidgetLight_18_InvalidKeyIntentOperatorMutator;1873
NoteListWidgetLight_19_RandomActionIntentDefinitionOperatorMutator;1973
NoteListWidgetLight_20_NullValueIntentPutExtraOperatorMutator;2073
NoteListWidgetLight_21_IntentPayloadReplacementOperatorMutator;2173
NoteListWidgetLight_22_RandomActionIntentDefinitionOperatorMutator;2273
NoteListWidgetLight_23_NullValueIntentPutExtraOperatorMutator;2373
NoteListWidgetLight_24_IntentPayloadReplacementOperatorMutator;2473
NoteListWidgetLight_25_RandomActionIntentDefinitionOperatorMutator;2573
NoteListWidgetLight_26_NullIntentOperatorMutator;2673
NoteListWidgetLight_27_InvalidKeyIntentOperatorMutator;2773
NoteListWidgetLight_28_RandomActionIntentDefinitionOperatorMutator;2873
NoteListWidgetLight_29_NullIntentOperatorMutator;2973
NoteListWidgetLight_30_InvalidKeyIntentOperatorMutator;3073
NoteListWidgetLight_31_RandomActionIntentDefinitionOperatorMutator;3173
NoteListWidgetLight_32_NullValueIntentPutExtraOperatorMutator;3273
NoteListWidgetLight_33_IntentPayloadReplacementOperatorMutator;3373
NoteListWidgetLight_34_RandomActionIntentDefinitionOperatorMutator;3473
NoteListWidgetLight_35_RandomActionIntentDefinitionOperatorMutator;3573
NoteListWidgetLight_36_NullIntentOperatorMutator;3673
NoteListWidgetLight_37_InvalidKeyIntentOperatorMutator;3773
NoteListWidgetLight_38_RandomActionIntentDefinitionOperatorMutator;3873
NoteListWidgetLight_39_NullValueIntentPutExtraOperatorMutator;3973
NoteListWidgetLight_40_IntentPayloadReplacementOperatorMutator;4073
NoteListWidgetLight_41_RandomActionIntentDefinitionOperatorMutator;4173
NoteListWidgetLight_42_RandomActionIntentDefinitionOperatorMutator;4273
NoteListWidgetLight_43_NullIntentOperatorMutator;4373
NoteListWidgetLight_44_InvalidKeyIntentOperatorMutator;4473
NoteListWidgetLight_45_RandomActionIntentDefinitionOperatorMutator;4573
NoteListWidgetLight_46_NullValueIntentPutExtraOperatorMutator;4673
NoteListWidgetLight_47_IntentPayloadReplacementOperatorMutator;4773
NoteListWidgetLight_48_RandomActionIntentDefinitionOperatorMutator;4873
NoteListWidgetLight_49_RandomActionIntentDefinitionOperatorMutator;4973
PreferencesActivity_0_LengthyGUICreationOperatorMutator;74
PreferencesActivity_1_FindViewByIdReturnsNullOperatorMutator;174
PreferencesActivity_2_InvalidIDFindViewOperatorMutator;274
PreferencesActivity_3_InvalidViewFocusOperatorMutator;374
PreferencesActivity_4_ViewComponentNotVisibleOperatorMutator;474
PreferencesActivity_5_FindViewByIdReturnsNullOperatorMutator;574
PreferencesActivity_6_InvalidIDFindViewOperatorMutator;674
PreferencesActivity_7_InvalidViewFocusOperatorMutator;774
PreferencesActivity_8_ViewComponentNotVisibleOperatorMutator;874
PreferencesActivity_9_FindViewByIdReturnsNullOperatorMutator;974
PreferencesActivity_10_InvalidIDFindViewOperatorMutator;1074
PreferencesActivity_11_InvalidViewFocusOperatorMutator;1174
PreferencesActivity_12_ViewComponentNotVisibleOperatorMutator;1274
PreferencesActivity_13_InvalidIDFindViewOperatorMutator;1374
PreferencesActivity_14_BuggyGUIListenerOperatorMutator;1474
PreferencesActivity_15_InvalidIDFindViewOperatorMutator;1574
NoteListWidgetDark_0_NullIntentOperatorMutator;75
NoteListWidgetDark_1_InvalidKeyIntentOperatorMutator;175
NoteListWidgetDark_2_RandomActionIntentDefinitionOperatorMutator;275
NoteListWidgetDark_3_NullValueIntentPutExtraOperatorMutator;375
NoteListWidgetDark_4_IntentPayloadReplacementOperatorMutator;475
NoteListWidgetDark_5_RandomActionIntentDefinitionOperatorMutator;575
NoteListWidgetDark_6_RandomActionIntentDefinitionOperatorMutator;675
NoteListWidgetDark_7_NullIntentOperatorMutator;775
NoteListWidgetDark_8_InvalidKeyIntentOperatorMutator;875
NoteListWidgetDark_9_RandomActionIntentDefinitionOperatorMutator;975
NoteListWidgetDark_10_NullIntentOperatorMutator;1075
NoteListWidgetDark_11_InvalidKeyIntentOperatorMutator;1175
NoteListWidgetDark_12_RandomActionIntentDefinitionOperatorMutator;1275
NoteListWidgetDark_13_NullValueIntentPutExtraOperatorMutator;1375
NoteListWidgetDark_14_IntentPayloadReplacementOperatorMutator;1475
NoteListWidgetDark_15_RandomActionIntentDefinitionOperatorMutator;1575
NoteListWidgetDark_16_RandomActionIntentDefinitionOperatorMutator;1675
NoteListWidgetDark_17_NullIntentOperatorMutator;1775
NoteListWidgetDark_18_InvalidKeyIntentOperatorMutator;1875
NoteListWidgetDark_19_RandomActionIntentDefinitionOperatorMutator;1975
NoteListWidgetDark_20_NullValueIntentPutExtraOperatorMutator;2075
NoteListWidgetDark_21_IntentPayloadReplacementOperatorMutator;2175
NoteListWidgetDark_22_RandomActionIntentDefinitionOperatorMutator;2275
NoteListWidgetDark_23_NullValueIntentPutExtraOperatorMutator;2375
NoteListWidgetDark_24_IntentPayloadReplacementOperatorMutator;2475
NoteListWidgetDark_25_RandomActionIntentDefinitionOperatorMutator;2575
NoteListWidgetDark_26_NullIntentOperatorMutator;2675
NoteListWidgetDark_27_InvalidKeyIntentOperatorMutator;2775
NoteListWidgetDark_28_RandomActionIntentDefinitionOperatorMutator;2875
NoteListWidgetDark_29_NullIntentOperatorMutator;2975
NoteListWidgetDark_30_InvalidKeyIntentOperatorMutator;3075
NoteListWidgetDark_31_RandomActionIntentDefinitionOperatorMutator;3175
NoteListWidgetDark_32_NullValueIntentPutExtraOperatorMutator;3275
NoteListWidgetDark_33_IntentPayloadReplacementOperatorMutator;3375
NoteListWidgetDark_34_RandomActionIntentDefinitionOperatorMutator;3475
NoteListWidgetDark_35_RandomActionIntentDefinitionOperatorMutator;3575
NoteListWidgetDark_36_NullIntentOperatorMutator;3675
NoteListWidgetDark_37_InvalidKeyIntentOperatorMutator;3775
NoteListWidgetDark_38_RandomActionIntentDefinitionOperatorMutator;3875
NoteListWidgetDark_39_NullValueIntentPutExtraOperatorMutator;3975
NoteListWidgetDark_40_IntentPayloadReplacementOperatorMutator;4075
NoteListWidgetDark_41_RandomActionIntentDefinitionOperatorMutator;4175
NoteListWidgetDark_42_RandomActionIntentDefinitionOperatorMutator;4275
NoteListWidgetDark_43_NullIntentOperatorMutator;4375
NoteListWidgetDark_44_InvalidKeyIntentOperatorMutator;4475
NoteListWidgetDark_45_RandomActionIntentDefinitionOperatorMutator;4575
NoteListWidgetDark_46_NullValueIntentPutExtraOperatorMutator;4675
NoteListWidgetDark_47_IntentPayloadReplacementOperatorMutator;4775
NoteListWidgetDark_48_RandomActionIntentDefinitionOperatorMutator;4875
NoteListWidgetDark_49_RandomActionIntentDefinitionOperatorMutator;4975
NoteWidgetDarkConfigureActivity_0_LengthyGUICreationOperatorMutator;77
NoteWidgetDarkConfigureActivity_1_RandomActionIntentDefinitionOperatorMutator;177
NoteWidgetDarkConfigureActivity_2_InvalidViewFocusOperatorMutator;277
NoteWidgetDarkConfigureActivity_3_ViewComponentNotVisibleOperatorMutator;377
NoteWidgetDarkConfigureActivity_4_BuggyGUIListenerOperatorMutator;477
NoteWidgetDarkConfigureActivity_5_LengthyGUIListenerOperatorMutator;577
NoteWidgetDarkConfigureActivity_6_InvalidViewFocusOperatorMutator;677
NoteWidgetDarkConfigureActivity_7_ViewComponentNotVisibleOperatorMutator;777
NoteWidgetDarkConfigureActivity_8_InvalidViewFocusOperatorMutator;877
NoteWidgetDarkConfigureActivity_9_ViewComponentNotVisibleOperatorMutator;977
NoteWidgetDarkConfigureActivity_10_BuggyGUIListenerOperatorMutator;1077
NoteWidgetDarkConfigureActivity_11_LengthyGUIListenerOperatorMutator;1177
NoteWidgetDarkConfigureActivity_12_InvalidKeyIntentOperatorMutator;1277
NoteWidgetDarkConfigureActivity_13_RandomActionIntentDefinitionOperatorMutator;1377
NoteWidgetDarkConfigureActivity_14_RandomActionIntentDefinitionOperatorMutator;1477
NoteWidgetDarkConfigureActivity_15_NullValueIntentPutExtraOperatorMutator;1577
NoteWidgetDarkConfigureActivity_16_IntentPayloadReplacementOperatorMutator;1677
NoteWidgetDarkConfigureActivity_17_RandomActionIntentDefinitionOperatorMutator;1777
NoteWidgetDarkConfigureActivity_18_RandomActionIntentDefinitionOperatorMutator;1877
NoteWidgetDarkConfigureActivity_19_BinaryMutator;1977
NoteWidgetDarkConfigureActivity_20_RandomActionIntentDefinitionOperatorMutator;2077
NoteWidgetDarkConfigureActivity_21_NullValueIntentPutExtraOperatorMutator;2177
NoteWidgetDarkConfigureActivity_22_IntentPayloadReplacementOperatorMutator;2277
NoteWidgetDarkConfigureActivity_23_RandomActionIntentDefinitionOperatorMutator;2377
DeepLinkActivity_0_LengthyGUICreationOperatorMutator;78
DeepLinkActivity_1_NullIntentOperatorMutator;178
DeepLinkActivity_2_InvalidKeyIntentOperatorMutator;278
DeepLinkActivity_3_RandomActionIntentDefinitionOperatorMutator;378
DeepLinkActivity_4_RandomActionIntentDefinitionOperatorMutator;478
DeepLinkActivity_5_NullIntentOperatorMutator;578
DeepLinkActivity_6_InvalidKeyIntentOperatorMutator;678
DeepLinkActivity_7_RandomActionIntentDefinitionOperatorMutator;778
DeepLinkActivity_8_NullValueIntentPutExtraOperatorMutator;878
DeepLinkActivity_9_IntentPayloadReplacementOperatorMutator;978
DeepLinkActivity_10_RandomActionIntentDefinitionOperatorMutator;1078
DeepLinkActivity_11_RandomActionIntentDefinitionOperatorMutator;1178
PreferencesFragment_0_InvalidKeyIntentOperatorMutator;79
PreferencesFragment_1_RandomActionIntentDefinitionOperatorMutator;179
PreferencesFragment_2_InvalidKeyIntentOperatorMutator;279
PreferencesFragment_3_RandomActionIntentDefinitionOperatorMutator;379
PreferencesFragment_4_RandomActionIntentDefinitionOperatorMutator;479
PreferencesFragment_5_RandomActionIntentDefinitionOperatorMutator;579
PreferencesFragment_6_NullValueIntentPutExtraOperatorMutator;679
PreferencesFragment_7_IntentPayloadReplacementOperatorMutator;779
PreferencesFragment_8_RandomActionIntentDefinitionOperatorMutator;879
PreferencesFragment_9_InvalidKeyIntentOperatorMutator;979
PreferencesFragment_10_RandomActionIntentDefinitionOperatorMutator;1079
PreferencesFragment_11_RandomActionIntentDefinitionOperatorMutator;1179
PreferencesFragment_12_RandomActionIntentDefinitionOperatorMutator;1279
PreferencesFragment_13_NullValueIntentPutExtraOperatorMutator;1379
PreferencesFragment_14_IntentPayloadReplacementOperatorMutator;1479
PreferencesFragment_15_RandomActionIntentDefinitionOperatorMutator;1579
PreferencesFragment_16_BuggyGUIListenerOperatorMutator;1679
PreferencesFragment_17_LengthyGUIListenerOperatorMutator;1779
PreferencesFragment_18_BuggyGUIListenerOperatorMutator;1879
PreferencesFragment_19_LengthyGUIListenerOperatorMutator;1979
PreferencesFragment_20_BuggyGUIListenerOperatorMutator;2079
PreferencesFragment_21_LengthyGUIListenerOperatorMutator;2179
PreferencesFragment_22_BuggyGUIListenerOperatorMutator;2279
PreferencesFragment_23_LengthyGUIListenerOperatorMutator;2379
PreferencesFragment_24_BuggyGUIListenerOperatorMutator;2479
PreferencesFragment_25_LengthyGUIListenerOperatorMutator;2579
PreferencesFragment_26_InvalidKeyIntentOperatorMutator;2679
PreferencesFragment_27_RandomActionIntentDefinitionOperatorMutator;2779
PreferencesFragment_28_RandomActionIntentDefinitionOperatorMutator;2879
PreferencesFragment_29_RandomActionIntentDefinitionOperatorMutator;2979
PreferencesFragment_30_NullValueIntentPutExtraOperatorMutator;3079
PreferencesFragment_31_IntentPayloadReplacementOperatorMutator;3179
PreferencesFragment_32_RandomActionIntentDefinitionOperatorMutator;3279
NoteEditorActivity_0_LengthyGUICreationOperatorMutator;80
NoteEditorActivity_1_FindViewByIdReturnsNullOperatorMutator;180
NoteEditorActivity_2_InvalidIDFindViewOperatorMutator;280
NoteEditorActivity_3_InvalidViewFocusOperatorMutator;380
NoteEditorActivity_4_ViewComponentNotVisibleOperatorMutator;480
NoteEditorActivity_5_BuggyGUIListenerOperatorMutator;580
NoteEditorActivity_6_LengthyGUIListenerOperatorMutator;680
NoteEditorActivity_7_FindViewByIdReturnsNullOperatorMutator;780
NoteEditorActivity_8_InvalidIDFindViewOperatorMutator;880
NoteEditorActivity_9_InvalidViewFocusOperatorMutator;980
NoteEditorActivity_10_ViewComponentNotVisibleOperatorMutator;1080
NoteEditorActivity_11_FindViewByIdReturnsNullOperatorMutator;1180
NoteEditorActivity_12_InvalidIDFindViewOperatorMutator;1280
NoteEditorActivity_13_InvalidViewFocusOperatorMutator;1380
NoteEditorActivity_14_ViewComponentNotVisibleOperatorMutator;1480
NoteEditorActivity_15_RandomActionIntentDefinitionOperatorMutator;1580
NoteEditorActivity_16_BinaryMutator;1680
NoteEditorActivity_17_NullIntentOperatorMutator;1780
NoteEditorActivity_18_InvalidKeyIntentOperatorMutator;1880
NoteEditorActivity_19_RandomActionIntentDefinitionOperatorMutator;1980
NoteEditorActivity_20_RandomActionIntentDefinitionOperatorMutator;2080
NoteEditorActivity_21_NullIntentOperatorMutator;2180
NoteEditorActivity_22_RandomActionIntentDefinitionOperatorMutator;2280
NoteEditorActivity_23_NullValueIntentPutExtraOperatorMutator;2380
NoteEditorActivity_24_IntentPayloadReplacementOperatorMutator;2480
NoteEditorActivity_25_RandomActionIntentDefinitionOperatorMutator;2580
NoteEditorActivity_26_NullValueIntentPutExtraOperatorMutator;2680
NoteEditorActivity_27_IntentPayloadReplacementOperatorMutator;2780
NoteEditorActivity_28_RandomActionIntentDefinitionOperatorMutator;2880
NoteEditorActivity_29_NullValueIntentPutExtraOperatorMutator;2980
NoteEditorActivity_30_IntentPayloadReplacementOperatorMutator;3080
NoteEditorActivity_31_RandomActionIntentDefinitionOperatorMutator;3180
NoteEditorActivity_32_NullValueIntentPutExtraOperatorMutator;3280
NoteEditorActivity_33_IntentPayloadReplacementOperatorMutator;3380
NoteEditorActivity_34_RandomActionIntentDefinitionOperatorMutator;3480
NoteEditorActivity_35_BinaryMutator;3580
NoteEditorActivity_36_FindViewByIdReturnsNullOperatorMutator;3680
NoteEditorActivity_37_InvalidIDFindViewOperatorMutator;3780
NoteEditorActivity_38_InvalidViewFocusOperatorMutator;3880
NoteEditorActivity_39_ViewComponentNotVisibleOperatorMutator;3980
NoteEditorActivity_40_FindViewByIdReturnsNullOperatorMutator;4080
NoteEditorActivity_41_InvalidIDFindViewOperatorMutator;4180
NoteEditorActivity_42_InvalidViewFocusOperatorMutator;4280
NoteEditorActivity_43_ViewComponentNotVisibleOperatorMutator;4380
NoteEditorActivity_44_FindViewByIdReturnsNullOperatorMutator;4480
NoteEditorActivity_45_InvalidIDFindViewOperatorMutator;4580
NoteEditorActivity_46_InvalidViewFocusOperatorMutator;4680
NoteEditorActivity_47_ViewComponentNotVisibleOperatorMutator;4780
NoteEditorActivity_48_FindViewByIdReturnsNullOperatorMutator;4880
NoteEditorActivity_49_InvalidIDFindViewOperatorMutator;4980
NoteEditorActivity_50_InvalidViewFocusOperatorMutator;5080
NoteEditorActivity_51_ViewComponentNotVisibleOperatorMutator;5180
NoteEditorActivity_52_FindViewByIdReturnsNullOperatorMutator;5280
NoteEditorActivity_53_InvalidIDFindViewOperatorMutator;5380
NoteEditorActivity_54_InvalidViewFocusOperatorMutator;5480
NoteEditorActivity_55_ViewComponentNotVisibleOperatorMutator;5580
NoteEditorActivity_56_BuggyGUIListenerOperatorMutator;5680
NoteEditorActivity_57_LengthyGUIListenerOperatorMutator;5780
NoteEditorActivity_58_BuggyGUIListenerOperatorMutator;5880
NoteEditorActivity_59_LengthyGUIListenerOperatorMutator;5980
NoteEditorActivity_60_BinaryMutator;6080
NoteEditorActivity_61_BinaryMutator;6180
NoteEditorActivity_62_BinaryMutator;6280
AboutActivity_0_LengthyGUICreationOperatorMutator;81
AboutActivity_1_FindViewByIdReturnsNullOperatorMutator;181
AboutActivity_2_InvalidIDFindViewOperatorMutator;281
AboutActivity_3_InvalidViewFocusOperatorMutator;381
AboutActivity_4_ViewComponentNotVisibleOperatorMutator;481
InfoBottomSheetDialog_0_InvalidViewFocusOperatorMutator;82
InfoBottomSheetDialog_1_ViewComponentNotVisibleOperatorMutator;182
InfoBottomSheetDialog_2_InvalidViewFocusOperatorMutator;282
InfoBottomSheetDialog_3_ViewComponentNotVisibleOperatorMutator;382
InfoBottomSheetDialog_4_InvalidViewFocusOperatorMutator;482
InfoBottomSheetDialog_5_ViewComponentNotVisibleOperatorMutator;582
InfoBottomSheetDialog_6_InvalidViewFocusOperatorMutator;682
InfoBottomSheetDialog_7_ViewComponentNotVisibleOperatorMutator;782
InfoBottomSheetDialog_8_InvalidViewFocusOperatorMutator;882
InfoBottomSheetDialog_9_ViewComponentNotVisibleOperatorMutator;982
InfoBottomSheetDialog_10_InvalidViewFocusOperatorMutator;1082
InfoBottomSheetDialog_11_ViewComponentNotVisibleOperatorMutator;1182
InfoBottomSheetDialog_12_InvalidViewFocusOperatorMutator;1282
InfoBottomSheetDialog_13_ViewComponentNotVisibleOperatorMutator;1382
InfoBottomSheetDialog_14_InvalidViewFocusOperatorMutator;1482
InfoBottomSheetDialog_15_ViewComponentNotVisibleOperatorMutator;1582
InfoBottomSheetDialog_16_InvalidViewFocusOperatorMutator;1682
InfoBottomSheetDialog_17_ViewComponentNotVisibleOperatorMutator;1782
InfoBottomSheetDialog_18_BinaryMutator;1882
InfoBottomSheetDialog_19_BuggyGUIListenerOperatorMutator;1982
InfoBottomSheetDialog_20_LengthyGUIListenerOperatorMutator;2082
InfoBottomSheetDialog_21_InvalidViewFocusOperatorMutator;2182
InfoBottomSheetDialog_22_ViewComponentNotVisibleOperatorMutator;2282
InfoBottomSheetDialog_23_InvalidViewFocusOperatorMutator;2382
InfoBottomSheetDialog_24_ViewComponentNotVisibleOperatorMutator;2482
HistoryBottomSheetDialog_0_InvalidViewFocusOperatorMutator;83
HistoryBottomSheetDialog_1_ViewComponentNotVisibleOperatorMutator;183
HistoryBottomSheetDialog_2_InvalidViewFocusOperatorMutator;283
HistoryBottomSheetDialog_3_ViewComponentNotVisibleOperatorMutator;383
HistoryBottomSheetDialog_4_InvalidViewFocusOperatorMutator;483
HistoryBottomSheetDialog_5_ViewComponentNotVisibleOperatorMutator;583
HistoryBottomSheetDialog_6_InvalidViewFocusOperatorMutator;683
HistoryBottomSheetDialog_7_ViewComponentNotVisibleOperatorMutator;783
HistoryBottomSheetDialog_8_InvalidViewFocusOperatorMutator;883
HistoryBottomSheetDialog_9_ViewComponentNotVisibleOperatorMutator;983
HistoryBottomSheetDialog_10_InvalidViewFocusOperatorMutator;1083
HistoryBottomSheetDialog_11_ViewComponentNotVisibleOperatorMutator;1183
HistoryBottomSheetDialog_12_InvalidViewFocusOperatorMutator;1283
HistoryBottomSheetDialog_13_ViewComponentNotVisibleOperatorMutator;1383
HistoryBottomSheetDialog_14_BuggyGUIListenerOperatorMutator;1483
HistoryBottomSheetDialog_15_LengthyGUIListenerOperatorMutator;1583
HistoryBottomSheetDialog_16_InvalidViewFocusOperatorMutator;1683
HistoryBottomSheetDialog_17_ViewComponentNotVisibleOperatorMutator;1783
HistoryBottomSheetDialog_18_BuggyGUIListenerOperatorMutator;1883
HistoryBottomSheetDialog_19_LengthyGUIListenerOperatorMutator;1983
HistoryBottomSheetDialog_20_InvalidViewFocusOperatorMutator;2083
HistoryBottomSheetDialog_21_ViewComponentNotVisibleOperatorMutator;2183
NoteListWidgetFactory_0_NullIntentOperatorMutator;84
NoteListWidgetFactory_1_InvalidKeyIntentOperatorMutator;184
NoteListWidgetFactory_2_RandomActionIntentDefinitionOperatorMutator;284
NoteListWidgetFactory_3_NullValueIntentPutExtraOperatorMutator;384
NoteListWidgetFactory_4_IntentPayloadReplacementOperatorMutator;484
NoteListWidgetFactory_5_RandomActionIntentDefinitionOperatorMutator;584
NoteListWidgetFactory_6_NullValueIntentPutExtraOperatorMutator;684
NoteListWidgetFactory_7_IntentPayloadReplacementOperatorMutator;784
NoteListWidgetFactory_8_RandomActionIntentDefinitionOperatorMutator;884
NoteListWidgetFactory_9_NullValueIntentPutExtraOperatorMutator;984
NoteListWidgetFactory_10_IntentPayloadReplacementOperatorMutator;1084
NoteListWidgetFactory_11_RandomActionIntentDefinitionOperatorMutator;1184
NoteListWidgetFactory_12_NullValueIntentPutExtraOperatorMutator;1284
NoteListWidgetFactory_13_IntentPayloadReplacementOperatorMutator;1384
NoteListWidgetFactory_14_RandomActionIntentDefinitionOperatorMutator;1484
NoteListWidgetFactory_15_NullValueIntentPutExtraOperatorMutator;1584
NoteListWidgetFactory_16_IntentPayloadReplacementOperatorMutator;1684
NoteListWidgetFactory_17_RandomActionIntentDefinitionOperatorMutator;1784
NoteListWidgetFactory_18_RandomActionIntentDefinitionOperatorMutator;1884
NoteListFragment_0_BinaryMutator;86
NoteListFragment_1_BinaryMutator;186
NoteListFragment_2_LengthyGUICreationOperatorMutator;286
NoteListFragment_3_BinaryMutator;386
NoteListFragment_4_InvalidViewFocusOperatorMutator;486
NoteListFragment_5_ViewComponentNotVisibleOperatorMutator;586
NoteListFragment_6_InvalidViewFocusOperatorMutator;686
NoteListFragment_7_ViewComponentNotVisibleOperatorMutator;786
NoteListFragment_8_InvalidViewFocusOperatorMutator;886
NoteListFragment_9_ViewComponentNotVisibleOperatorMutator;986
NoteListFragment_10_InvalidViewFocusOperatorMutator;1086
NoteListFragment_11_ViewComponentNotVisibleOperatorMutator;1186
NoteListFragment_12_InvalidViewFocusOperatorMutator;1286
NoteListFragment_13_ViewComponentNotVisibleOperatorMutator;1386
NoteListFragment_14_InvalidViewFocusOperatorMutator;1486
NoteListFragment_15_ViewComponentNotVisibleOperatorMutator;1586
NoteListFragment_16_InvalidViewFocusOperatorMutator;1686
NoteListFragment_17_ViewComponentNotVisibleOperatorMutator;1786
NoteListFragment_18_BuggyGUIListenerOperatorMutator;1886
NoteListFragment_19_LengthyGUIListenerOperatorMutator;1986
NoteListFragment_20_InvalidViewFocusOperatorMutator;2086
NoteListFragment_21_ViewComponentNotVisibleOperatorMutator;2186
NoteListFragment_22_InvalidViewFocusOperatorMutator;2286
NoteListFragment_23_ViewComponentNotVisibleOperatorMutator;2386
NoteListFragment_24_InvalidViewFocusOperatorMutator;2486
NoteListFragment_25_ViewComponentNotVisibleOperatorMutator;2586
NoteListFragment_26_NullIntentOperatorMutator;2686
NoteListFragment_27_InvalidKeyIntentOperatorMutator;2786
NoteListFragment_28_RandomActionIntentDefinitionOperatorMutator;2886
NoteListFragment_29_RandomActionIntentDefinitionOperatorMutator;2986
NoteListFragment_30_BinaryMutator;3086
NoteListFragment_31_BinaryMutator;3186
NoteListFragment_32_InvalidViewFocusOperatorMutator;3286
NoteListFragment_33_ViewComponentNotVisibleOperatorMutator;3386
NoteListFragment_34_InvalidViewFocusOperatorMutator;3486
NoteListFragment_35_ViewComponentNotVisibleOperatorMutator;3586
NoteListFragment_36_InvalidViewFocusOperatorMutator;3686
NoteListFragment_37_ViewComponentNotVisibleOperatorMutator;3786
NoteListFragment_38_InvalidViewFocusOperatorMutator;3886
NoteListFragment_39_ViewComponentNotVisibleOperatorMutator;3986
NoteListFragment_40_InvalidViewFocusOperatorMutator;4086
NoteListFragment_41_ViewComponentNotVisibleOperatorMutator;4186
NoteListFragment_42_InvalidViewFocusOperatorMutator;4286
NoteListFragment_43_ViewComponentNotVisibleOperatorMutator;4386
NoteListFragment_44_InvalidViewFocusOperatorMutator;4486
NoteListFragment_45_ViewComponentNotVisibleOperatorMutator;4586
NoteListFragment_46_BuggyGUIListenerOperatorMutator;4686
NoteListFragment_47_LengthyGUIListenerOperatorMutator;4786
NoteListFragment_48_BuggyGUIListenerOperatorMutator;4886
NoteListFragment_49_LengthyGUIListenerOperatorMutator;4986
NoteListFragment_50_BuggyGUIListenerOperatorMutator;5086
NoteListFragment_51_LengthyGUIListenerOperatorMutator;5186
NoteListFragment_52_InvalidViewFocusOperatorMutator;5286
NoteListFragment_53_ViewComponentNotVisibleOperatorMutator;5386
NoteListFragment_54_InvalidViewFocusOperatorMutator;5486
NoteListFragment_55_ViewComponentNotVisibleOperatorMutator;5586
NoteListFragment_56_InvalidViewFocusOperatorMutator;5686
NoteListFragment_57_ViewComponentNotVisibleOperatorMutator;5786
NoteListFragment_58_BinaryMutator;5886
ShareBottomSheetDialog_0_InvalidViewFocusOperatorMutator;87
ShareBottomSheetDialog_1_ViewComponentNotVisibleOperatorMutator;187
ShareBottomSheetDialog_2_InvalidViewFocusOperatorMutator;287
ShareBottomSheetDialog_3_ViewComponentNotVisibleOperatorMutator;387
ShareBottomSheetDialog_4_InvalidViewFocusOperatorMutator;487
ShareBottomSheetDialog_5_ViewComponentNotVisibleOperatorMutator;587
ShareBottomSheetDialog_6_InvalidViewFocusOperatorMutator;687
ShareBottomSheetDialog_7_ViewComponentNotVisibleOperatorMutator;787
ShareBottomSheetDialog_8_BuggyGUIListenerOperatorMutator;887
ShareBottomSheetDialog_9_LengthyGUIListenerOperatorMutator;987
ShareBottomSheetDialog_10_BuggyGUIListenerOperatorMutator;1087
ShareBottomSheetDialog_11_LengthyGUIListenerOperatorMutator;1187
ShareBottomSheetDialog_12_BuggyGUIListenerOperatorMutator;1287
ShareBottomSheetDialog_13_LengthyGUIListenerOperatorMutator;1387
ShareBottomSheetDialog_14_BuggyGUIListenerOperatorMutator;1487
ShareBottomSheetDialog_15_LengthyGUIListenerOperatorMutator;1587
ShareBottomSheetDialog_16_InvalidViewFocusOperatorMutator;1687
ShareBottomSheetDialog_17_ViewComponentNotVisibleOperatorMutator;1787
ShareBottomSheetDialog_18_NullIntentOperatorMutator;1887
ShareBottomSheetDialog_19_InvalidKeyIntentOperatorMutator;1987
ShareBottomSheetDialog_20_RandomActionIntentDefinitionOperatorMutator;2087
ShareBottomSheetDialog_21_RandomActionIntentDefinitionOperatorMutator;2187
ShareBottomSheetDialog_22_InvalidViewFocusOperatorMutator;2287
ShareBottomSheetDialog_23_ViewComponentNotVisibleOperatorMutator;2387
ShareBottomSheetDialog_24_NullValueIntentPutExtraOperatorMutator;2487
ShareBottomSheetDialog_25_IntentPayloadReplacementOperatorMutator;2587
ShareBottomSheetDialog_26_RandomActionIntentDefinitionOperatorMutator;2687
ShareBottomSheetDialog_27_RandomActionIntentDefinitionOperatorMutator;2787
NoteWidgetLightConfigureActivity_0_LengthyGUICreationOperatorMutator;88
NoteWidgetLightConfigureActivity_1_RandomActionIntentDefinitionOperatorMutator;188
NoteWidgetLightConfigureActivity_2_InvalidViewFocusOperatorMutator;288
NoteWidgetLightConfigureActivity_3_ViewComponentNotVisibleOperatorMutator;388
NoteWidgetLightConfigureActivity_4_BuggyGUIListenerOperatorMutator;488
NoteWidgetLightConfigureActivity_5_LengthyGUIListenerOperatorMutator;588
NoteWidgetLightConfigureActivity_6_InvalidViewFocusOperatorMutator;688
NoteWidgetLightConfigureActivity_7_ViewComponentNotVisibleOperatorMutator;788
NoteWidgetLightConfigureActivity_8_InvalidViewFocusOperatorMutator;888
NoteWidgetLightConfigureActivity_9_ViewComponentNotVisibleOperatorMutator;988
NoteWidgetLightConfigureActivity_10_BuggyGUIListenerOperatorMutator;1088
NoteWidgetLightConfigureActivity_11_LengthyGUIListenerOperatorMutator;1188
NoteWidgetLightConfigureActivity_12_InvalidKeyIntentOperatorMutator;1288
NoteWidgetLightConfigureActivity_13_RandomActionIntentDefinitionOperatorMutator;1388
NoteWidgetLightConfigureActivity_14_RandomActionIntentDefinitionOperatorMutator;1488
NoteWidgetLightConfigureActivity_15_NullValueIntentPutExtraOperatorMutator;1588
NoteWidgetLightConfigureActivity_16_IntentPayloadReplacementOperatorMutator;1688
NoteWidgetLightConfigureActivity_17_RandomActionIntentDefinitionOperatorMutator;1788
NoteWidgetLightConfigureActivity_18_RandomActionIntentDefinitionOperatorMutator;1888
NoteWidgetLightConfigureActivity_19_BinaryMutator;1988
NoteWidgetLightConfigureActivity_20_RandomActionIntentDefinitionOperatorMutator;2088
NoteWidgetLightConfigureActivity_21_NullValueIntentPutExtraOperatorMutator;2188
NoteWidgetLightConfigureActivity_22_IntentPayloadReplacementOperatorMutator;2288
NoteWidgetLightConfigureActivity_23_RandomActionIntentDefinitionOperatorMutator;2388
ThemedAppCompatActivity_0_LengthyGUICreationOperatorMutator;90
ThemedAppCompatActivity_1_NullIntentOperatorMutator;190
ThemedAppCompatActivity_2_InvalidKeyIntentOperatorMutator;290
ThemedAppCompatActivity_3_RandomActionIntentDefinitionOperatorMutator;390
ThemedAppCompatActivity_4_RandomActionIntentDefinitionOperatorMutator;490
ThemedAppCompatActivity_5_RandomActionIntentDefinitionOperatorMutator;590
NoteEditorFragment_0_NullIntentOperatorMutator;91
NoteEditorFragment_1_InvalidKeyIntentOperatorMutator;191
NoteEditorFragment_2_RandomActionIntentDefinitionOperatorMutator;291
NoteEditorFragment_3_RandomActionIntentDefinitionOperatorMutator;391
NoteEditorFragment_4_LengthyGUICreationOperatorMutator;491
NoteEditorFragment_5_BinaryMutator;591
NoteEditorFragment_6_BinaryMutator;691
NoteEditorFragment_7_InvalidViewFocusOperatorMutator;791
NoteEditorFragment_8_ViewComponentNotVisibleOperatorMutator;891
NoteEditorFragment_9_InvalidViewFocusOperatorMutator;991
NoteEditorFragment_10_ViewComponentNotVisibleOperatorMutator;1091
NoteEditorFragment_11_InvalidViewFocusOperatorMutator;1191
NoteEditorFragment_12_ViewComponentNotVisibleOperatorMutator;1291
NoteEditorFragment_13_InvalidViewFocusOperatorMutator;1391
NoteEditorFragment_14_ViewComponentNotVisibleOperatorMutator;1491
NoteEditorFragment_15_InvalidViewFocusOperatorMutator;1591
NoteEditorFragment_16_ViewComponentNotVisibleOperatorMutator;1691
NoteEditorFragment_17_InvalidViewFocusOperatorMutator;1791
NoteEditorFragment_18_ViewComponentNotVisibleOperatorMutator;1891
NoteEditorFragment_19_InvalidViewFocusOperatorMutator;1991
NoteEditorFragment_20_ViewComponentNotVisibleOperatorMutator;2091
NoteEditorFragment_21_BuggyGUIListenerOperatorMutator;2191
NoteEditorFragment_22_NullIntentOperatorMutator;2291
NoteEditorFragment_23_InvalidKeyIntentOperatorMutator;2391
NoteEditorFragment_24_RandomActionIntentDefinitionOperatorMutator;2491
NoteEditorFragment_25_NullValueIntentPutExtraOperatorMutator;2591
NoteEditorFragment_26_IntentPayloadReplacementOperatorMutator;2691
NoteEditorFragment_27_RandomActionIntentDefinitionOperatorMutator;2791
NoteEditorFragment_28_BinaryMutator;2891
NoteEditorFragment_29_BinaryMutator;2991
NoteEditorFragment_30_BuggyGUIListenerOperatorMutator;3091
NoteEditorFragment_31_BuggyGUIListenerOperatorMutator;3191
NoteEditorFragment_32_BuggyGUIListenerOperatorMutator;3291
NoteEditorFragment_33_BuggyGUIListenerOperatorMutator;3391
NoteEditorFragment_34_BuggyGUIListenerOperatorMutator;3491
FullScreenDialogFragment_0_LengthyGUICreationOperatorMutator;92
FullScreenDialogFragment_1_InvalidViewFocusOperatorMutator;192
FullScreenDialogFragment_2_ViewComponentNotVisibleOperatorMutator;292
FullScreenDialogFragment_3_BuggyGUIListenerOperatorMutator;392
FullScreenDialogFragment_4_LengthyGUIListenerOperatorMutator;492
NoteWidgetDark_0_NullIntentOperatorMutator;93
NoteWidgetDark_1_InvalidKeyIntentOperatorMutator;193
NoteWidgetDark_2_RandomActionIntentDefinitionOperatorMutator;293
NoteWidgetDark_3_NullValueIntentPutExtraOperatorMutator;393
NoteWidgetDark_4_IntentPayloadReplacementOperatorMutator;493
NoteWidgetDark_5_RandomActionIntentDefinitionOperatorMutator;593
NoteWidgetDark_6_RandomActionIntentDefinitionOperatorMutator;693
NoteWidgetDark_7_NullIntentOperatorMutator;793
NoteWidgetDark_8_InvalidKeyIntentOperatorMutator;893
NoteWidgetDark_9_RandomActionIntentDefinitionOperatorMutator;993
NoteWidgetDark_10_RandomActionIntentDefinitionOperatorMutator;1093
NoteWidgetDark_11_NullValueIntentPutExtraOperatorMutator;1193
NoteWidgetDark_12_IntentPayloadReplacementOperatorMutator;1293
NoteWidgetDark_13_RandomActionIntentDefinitionOperatorMutator;1393
NoteWidgetDark_14_RandomActionIntentDefinitionOperatorMutator;1493
NoteWidgetDark_15_BinaryMutator;1593
NoteWidgetDark_16_NullIntentOperatorMutator;1693
NoteWidgetDark_17_InvalidKeyIntentOperatorMutator;1793
NoteWidgetDark_18_RandomActionIntentDefinitionOperatorMutator;1893
NoteWidgetDark_19_RandomActionIntentDefinitionOperatorMutator;1993
NoteWidgetDark_20_NullValueIntentPutExtraOperatorMutator;2093
NoteWidgetDark_21_IntentPayloadReplacementOperatorMutator;2193
NoteWidgetDark_22_RandomActionIntentDefinitionOperatorMutator;2293
NoteWidgetDark_23_NullValueIntentPutExtraOperatorMutator;2393
NoteWidgetDark_24_IntentPayloadReplacementOperatorMutator;2493
NoteWidgetDark_25_RandomActionIntentDefinitionOperatorMutator;2593
WordPressDialogFragment_0_InvalidViewFocusOperatorMutator;94
WordPressDialogFragment_1_ViewComponentNotVisibleOperatorMutator;194
WordPressDialogFragment_2_InvalidViewFocusOperatorMutator;294
WordPressDialogFragment_3_ViewComponentNotVisibleOperatorMutator;394
WordPressDialogFragment_4_InvalidViewFocusOperatorMutator;494
WordPressDialogFragment_5_ViewComponentNotVisibleOperatorMutator;594
WordPressDialogFragment_6_InvalidViewFocusOperatorMutator;694
WordPressDialogFragment_7_ViewComponentNotVisibleOperatorMutator;794
WordPressDialogFragment_8_InvalidViewFocusOperatorMutator;894
WordPressDialogFragment_9_ViewComponentNotVisibleOperatorMutator;994
WordPressDialogFragment_10_InvalidViewFocusOperatorMutator;1094
WordPressDialogFragment_11_ViewComponentNotVisibleOperatorMutator;1194
WordPressDialogFragment_12_InvalidViewFocusOperatorMutator;1294
WordPressDialogFragment_13_ViewComponentNotVisibleOperatorMutator;1394
WordPressDialogFragment_14_InvalidViewFocusOperatorMutator;1494
WordPressDialogFragment_15_ViewComponentNotVisibleOperatorMutator;1594
WordPressDialogFragment_16_InvalidViewFocusOperatorMutator;1694
WordPressDialogFragment_17_ViewComponentNotVisibleOperatorMutator;1794
WordPressDialogFragment_18_BuggyGUIListenerOperatorMutator;1894
WordPressDialogFragment_19_LengthyGUIListenerOperatorMutator;1994
WordPressDialogFragment_20_BuggyGUIListenerOperatorMutator;2094
WordPressDialogFragment_21_LengthyGUIListenerOperatorMutator;2194
WordPressDialogFragment_22_InvalidKeyIntentOperatorMutator;2294
WordPressDialogFragment_23_RandomActionIntentDefinitionOperatorMutator;2394
WordPressDialogFragment_24_RandomActionIntentDefinitionOperatorMutator;2494
WordPressDialogFragment_25_NullValueIntentPutExtraOperatorMutator;2594
WordPressDialogFragment_26_IntentPayloadReplacementOperatorMutator;2694
WordPressDialogFragment_27_RandomActionIntentDefinitionOperatorMutator;2794
WordPressDialogFragment_28_InvalidViewFocusOperatorMutator;2894
WordPressDialogFragment_29_ViewComponentNotVisibleOperatorMutator;2994
WordPressDialogFragment_30_LengthyGUIListenerOperatorMutator;3094
WordPressDialogFragment_31_RandomActionIntentDefinitionOperatorMutator;3194
NoteMarkdownFragment_0_InvalidViewFocusOperatorMutator;95
NoteMarkdownFragment_1_ViewComponentNotVisibleOperatorMutator;195
NoteMarkdownFragment_2_BuggyGUIListenerOperatorMutator;295
NoteMarkdownFragment_3_LengthyGUIListenerOperatorMutator;395
NoteMarkdownFragment_4_NullIntentOperatorMutator;495
NoteMarkdownFragment_5_InvalidKeyIntentOperatorMutator;595
NoteMarkdownFragment_6_RandomActionIntentDefinitionOperatorMutator;695
NoteMarkdownFragment_7_NullValueIntentPutExtraOperatorMutator;795
NoteMarkdownFragment_8_IntentPayloadReplacementOperatorMutator;895
NoteMarkdownFragment_9_RandomActionIntentDefinitionOperatorMutator;995
ReviewAccountVerifyEmailFragment_0_InvalidViewFocusOperatorMutator;96
ReviewAccountVerifyEmailFragment_1_ViewComponentNotVisibleOperatorMutator;196
ReviewAccountVerifyEmailFragment_2_InvalidViewFocusOperatorMutator;296
ReviewAccountVerifyEmailFragment_3_ViewComponentNotVisibleOperatorMutator;396
ReviewAccountVerifyEmailFragment_4_InvalidViewFocusOperatorMutator;496
ReviewAccountVerifyEmailFragment_5_ViewComponentNotVisibleOperatorMutator;596
ReviewAccountVerifyEmailFragment_6_InvalidViewFocusOperatorMutator;696
ReviewAccountVerifyEmailFragment_7_ViewComponentNotVisibleOperatorMutator;796
ReviewAccountVerifyEmailFragment_8_BuggyGUIListenerOperatorMutator;896
ReviewAccountVerifyEmailFragment_9_LengthyGUIListenerOperatorMutator;996
ReviewAccountVerifyEmailFragment_10_InvalidViewFocusOperatorMutator;1096
ReviewAccountVerifyEmailFragment_11_ViewComponentNotVisibleOperatorMutator;1196
ReviewAccountVerifyEmailFragment_12_BuggyGUIListenerOperatorMutator;1296
ReviewAccountVerifyEmailFragment_13_LengthyGUIListenerOperatorMutator;1396
