ORIGINAL_PROGRAM;-1
HOTP_0_BinaryMutator;0
HOTP_1_BinaryMutator;1000
HOTP_2_BinaryMutator;2000
HOTP_3_BinaryMutator;3000
MOTP_0_BinaryMutator;1
MOTP_1_BinaryMutator;1001
YAOTP_0_BinaryMutator;2
YAOTP_1_BinaryMutator;1002
YAOTP_2_BinaryMutator;2002
YAOTP_3_BinaryMutator;3002
YAOTP_4_BinaryMutator;4002
TOTP_0_BinaryMutator;4
TOTP_1_BinaryMutator;1004
SCrypt_0_BinaryMutator;5
SCrypt_1_BinaryMutator;1005
SCrypt_2_BinaryMutator;2005
SCrypt_3_BinaryMutator;3005
SCrypt_4_BinaryMutator;4005
SCrypt_5_BinaryMutator;5005
SCrypt_6_BinaryMutator;6005
SCrypt_7_BinaryMutator;7005
SCrypt_8_BinaryMutator;8005
SCrypt_9_BinaryMutator;9005
SCrypt_10_BinaryMutator;10005
SCrypt_11_BinaryMutator;11005
SCrypt_12_BinaryMutator;12005
SCrypt_13_BinaryMutator;13005
SCrypt_14_BinaryMutator;14005
SCrypt_15_BinaryMutator;15005
SCrypt_16_BinaryMutator;16005
SCrypt_17_BinaryMutator;17005
SCrypt_18_BinaryMutator;18005
SCrypt_19_BinaryMutator;19005
SCrypt_20_BinaryMutator;20005
SCrypt_21_BinaryMutator;21005
Salsa20Engine_0_BinaryMutator;6
Salsa20Engine_1_BinaryMutator;1006
Salsa20Engine_2_BinaryMutator;2006
Salsa20Engine_3_BinaryMutator;3006
Salsa20Engine_4_BinaryMutator;4006
Salsa20Engine_5_BinaryMutator;5006
Salsa20Engine_6_BinaryMutator;6006
Salsa20Engine_7_BinaryMutator;7006
Salsa20Engine_8_BinaryMutator;8006
Salsa20Engine_9_BinaryMutator;9006
Salsa20Engine_10_BinaryMutator;10006
Salsa20Engine_11_BinaryMutator;11006
Salsa20Engine_12_BinaryMutator;12006
Salsa20Engine_13_BinaryMutator;13006
Salsa20Engine_14_BinaryMutator;14006
Salsa20Engine_15_BinaryMutator;15006
Salsa20Engine_16_BinaryMutator;16006
Salsa20Engine_17_BinaryMutator;17006
Salsa20Engine_18_BinaryMutator;18006
Salsa20Engine_19_BinaryMutator;19006
Salsa20Engine_20_BinaryMutator;20006
Salsa20Engine_21_BinaryMutator;21006
Salsa20Engine_22_BinaryMutator;22006
Salsa20Engine_23_BinaryMutator;23006
Salsa20Engine_24_BinaryMutator;24006
Salsa20Engine_25_BinaryMutator;25006
Salsa20Engine_26_BinaryMutator;26006
Salsa20Engine_27_BinaryMutator;27006
Salsa20Engine_28_BinaryMutator;28006
Salsa20Engine_29_BinaryMutator;29006
Salsa20Engine_30_BinaryMutator;30006
Salsa20Engine_31_BinaryMutator;31006
Salsa20Engine_32_BinaryMutator;32006
Salsa20Engine_33_BinaryMutator;33006
Salsa20Engine_34_BinaryMutator;34006
Salsa20Engine_35_BinaryMutator;35006
Salsa20Engine_36_BinaryMutator;36006
Salsa20Engine_37_BinaryMutator;37006
Salsa20Engine_38_BinaryMutator;38006
Salsa20Engine_39_BinaryMutator;39006
Salsa20Engine_40_BinaryMutator;40006
Salsa20Engine_41_BinaryMutator;41006
Salsa20Engine_42_BinaryMutator;42006
Salsa20Engine_43_BinaryMutator;43006
Salsa20Engine_44_BinaryMutator;44006
Salsa20Engine_45_BinaryMutator;45006
Salsa20Engine_46_BinaryMutator;46006
Salsa20Engine_47_BinaryMutator;47006
CryptoUtils_0_BinaryMutator;8
CryptoUtils_1_BinaryMutator;1008
CryptoUtils_2_BinaryMutator;2008
CryptoUtils_3_BinaryMutator;3008
KeyStoreHandle_0_BinaryMutator;12
VaultManager_0_NullIntentOperatorMutator;27
VaultManager_1_InvalidKeyIntentOperatorMutator;1027
VaultManager_2_RandomActionIntentDefinitionOperatorMutator;2027
VaultBackupManager_0_BinaryMutator;34
VaultBackupManager_1_BinaryMutator;1034
VaultBackupManager_2_BinaryMutator;2034
VaultBackupManager_3_BinaryMutator;3034
VaultBackupManager_4_BinaryMutator;4034
VaultBackupManager_5_BinaryMutator;5034
AndOtpImporter_0_BinaryMutator;45
AndOtpImporter_1_BinaryMutator;1045
AndOtpImporter_2_BinaryMutator;2045
AndOtpImporter_3_BinaryMutator;3045
AndOtpImporter_4_BinaryMutator;4045
AndOtpImporter_5_BinaryMutator;5045
AndOtpImporter_6_BinaryMutator;6045
AndOtpImporter_7_BinaryMutator;7045
AndOtpImporter_8_BuggyGUIListenerOperatorMutator;8045
TotpAuthenticatorImporter_0_BuggyGUIListenerOperatorMutator;46
TotpAuthenticatorImporter_1_BuggyGUIListenerOperatorMutator;1046
HotpInfo_0_BinaryMutator;61
TotpInfo_0_BinaryMutator;64
TotpInfo_1_BinaryMutator;1064
TotpInfo_2_BinaryMutator;2064
GoogleAuthInfo_0_BinaryMutator;68
YandexInfo_0_BinaryMutator;69
YandexInfo_1_BinaryMutator;1069
YandexInfo_2_BinaryMutator;2069
YandexInfo_3_BinaryMutator;3069
YandexInfo_4_BinaryMutator;4069
YandexInfo_5_BinaryMutator;5069
YandexInfo_6_BinaryMutator;6069
YandexInfo_7_BinaryMutator;7069
NotificationService_0_NullIntentOperatorMutator;71
NotificationService_1_InvalidKeyIntentOperatorMutator;1071
NotificationService_2_RandomActionIntentDefinitionOperatorMutator;2071
NotificationService_3_RandomActionIntentDefinitionOperatorMutator;3071
NotificationService_4_RandomActionIntentDefinitionOperatorMutator;4071
LaunchScannerTileService_0_NullIntentOperatorMutator;72
LaunchScannerTileService_1_InvalidKeyIntentOperatorMutator;1072
LaunchScannerTileService_2_RandomActionIntentDefinitionOperatorMutator;2072
LaunchScannerTileService_3_NullValueIntentPutExtraOperatorMutator;3072
LaunchScannerTileService_4_IntentPayloadReplacementOperatorMutator;4072
LaunchScannerTileService_5_RandomActionIntentDefinitionOperatorMutator;5072
LaunchScannerTileService_6_RandomActionIntentDefinitionOperatorMutator;6072
LaunchScannerTileService_7_RandomActionIntentDefinitionOperatorMutator;7072
LaunchAppTileService_0_NullIntentOperatorMutator;73
LaunchAppTileService_1_InvalidKeyIntentOperatorMutator;1073
LaunchAppTileService_2_RandomActionIntentDefinitionOperatorMutator;2073
LaunchAppTileService_3_RandomActionIntentDefinitionOperatorMutator;3073
LaunchAppTileService_4_RandomActionIntentDefinitionOperatorMutator;4073
TimeUtils_0_BinaryMutator;81
TimeUtils_1_BinaryMutator;1081
FavoriteComparator_0_BinaryMutator;90
MetricsHelper_0_BinaryMutator;92
MetricsHelper_1_BinaryMutator;1092
BitmapHelper_0_BinaryMutator;101
BitmapHelper_1_BinaryMutator;1101
BitmapHelper_2_BinaryMutator;2101
BitmapHelper_3_BinaryMutator;3101
QrCodeHelper_0_BinaryMutator;107
QrCodeHelper_1_BinaryMutator;1107
QrCodeHelper_2_BinaryMutator;2107
QrCodeHelper_3_BinaryMutator;3107
QrCodeHelper_4_BinaryMutator;4107
QrCodeHelper_5_BinaryMutator;5107
QrCodeHelper_6_BinaryMutator;6107
QrCodeHelper_7_BinaryMutator;7107
FabScrollHelper_0_BinaryMutator;110
IconPickerDialog_0_InvalidViewFocusOperatorMutator;113
IconPickerDialog_1_ViewComponentNotVisibleOperatorMutator;1113
IconPickerDialog_2_InvalidViewFocusOperatorMutator;2113
IconPickerDialog_3_ViewComponentNotVisibleOperatorMutator;3113
IconPickerDialog_4_InvalidViewFocusOperatorMutator;4113
IconPickerDialog_5_ViewComponentNotVisibleOperatorMutator;5113
IconPickerDialog_6_InvalidViewFocusOperatorMutator;6113
IconPickerDialog_7_ViewComponentNotVisibleOperatorMutator;7113
IconPickerDialog_8_BuggyGUIListenerOperatorMutator;8113
Dialogs_0_InvalidViewFocusOperatorMutator;114
Dialogs_1_ViewComponentNotVisibleOperatorMutator;1114
Dialogs_2_InvalidViewFocusOperatorMutator;2114
Dialogs_3_ViewComponentNotVisibleOperatorMutator;3114
Dialogs_4_InvalidViewFocusOperatorMutator;4114
Dialogs_5_ViewComponentNotVisibleOperatorMutator;5114
Dialogs_6_InvalidViewFocusOperatorMutator;6114
Dialogs_7_ViewComponentNotVisibleOperatorMutator;7114
Dialogs_8_InvalidViewFocusOperatorMutator;8114
Dialogs_9_ViewComponentNotVisibleOperatorMutator;9114
Dialogs_10_InvalidViewFocusOperatorMutator;10114
Dialogs_11_ViewComponentNotVisibleOperatorMutator;11114
Dialogs_12_InvalidViewFocusOperatorMutator;12114
Dialogs_13_ViewComponentNotVisibleOperatorMutator;13114
Dialogs_14_InvalidViewFocusOperatorMutator;14114
Dialogs_15_ViewComponentNotVisibleOperatorMutator;15114
Dialogs_16_BuggyGUIListenerOperatorMutator;16114
Dialogs_17_InvalidViewFocusOperatorMutator;17114
Dialogs_18_ViewComponentNotVisibleOperatorMutator;18114
Dialogs_19_InvalidViewFocusOperatorMutator;19114
Dialogs_20_ViewComponentNotVisibleOperatorMutator;20114
Dialogs_21_BuggyGUIListenerOperatorMutator;21114
Dialogs_22_InvalidViewFocusOperatorMutator;22114
Dialogs_23_ViewComponentNotVisibleOperatorMutator;23114
Dialogs_24_BuggyGUIListenerOperatorMutator;24114
Dialogs_25_BuggyGUIListenerOperatorMutator;25114
Dialogs_26_InvalidViewFocusOperatorMutator;26114
Dialogs_27_ViewComponentNotVisibleOperatorMutator;27114
Dialogs_28_BuggyGUIListenerOperatorMutator;28114
Dialogs_29_BinaryMutator;29114
Dialogs_30_BinaryMutator;30114
Dialogs_31_BinaryMutator;31114
Dialogs_32_InvalidViewFocusOperatorMutator;32114
Dialogs_33_ViewComponentNotVisibleOperatorMutator;33114
Dialogs_34_BinaryMutator;34114
Dialogs_35_BinaryMutator;35114
Dialogs_36_BinaryMutator;36114
Dialogs_37_BuggyGUIListenerOperatorMutator;37114
Dialogs_38_InvalidViewFocusOperatorMutator;38114
Dialogs_39_ViewComponentNotVisibleOperatorMutator;39114
Dialogs_40_InvalidViewFocusOperatorMutator;40114
Dialogs_41_ViewComponentNotVisibleOperatorMutator;41114
Dialogs_42_BuggyGUIListenerOperatorMutator;42114
Dialogs_43_BuggyGUIListenerOperatorMutator;43114
Dialogs_44_BuggyGUIListenerOperatorMutator;44114
Dialogs_45_BuggyGUIListenerOperatorMutator;45114
Dialogs_46_BuggyGUIListenerOperatorMutator;46114
Dialogs_47_BuggyGUIListenerOperatorMutator;47114
Dialogs_48_BuggyGUIListenerOperatorMutator;48114
Dialogs_49_InvalidViewFocusOperatorMutator;49114
Dialogs_50_ViewComponentNotVisibleOperatorMutator;50114
Dialogs_51_BuggyGUIListenerOperatorMutator;51114
Dialogs_52_BuggyGUIListenerOperatorMutator;52114
Dialogs_53_InvalidViewFocusOperatorMutator;53114
Dialogs_54_ViewComponentNotVisibleOperatorMutator;54114
Dialogs_55_InvalidViewFocusOperatorMutator;55114
Dialogs_56_ViewComponentNotVisibleOperatorMutator;56114
Dialogs_57_BuggyGUIListenerOperatorMutator;57114
Dialogs_58_BinaryMutator;58114
Dialogs_59_InvalidViewFocusOperatorMutator;59114
Dialogs_60_ViewComponentNotVisibleOperatorMutator;60114
Dialogs_61_BuggyGUIListenerOperatorMutator;61114
Dialogs_62_BuggyGUIListenerOperatorMutator;62114
SimpleWebViewDialog_0_InvalidViewFocusOperatorMutator;117
SimpleWebViewDialog_1_ViewComponentNotVisibleOperatorMutator;1117
WelcomeSlide_0_BuggyGUIListenerOperatorMutator;118
WelcomeSlide_1_InvalidKeyIntentOperatorMutator;1118
WelcomeSlide_2_RandomActionIntentDefinitionOperatorMutator;2118
WelcomeSlide_3_RandomActionIntentDefinitionOperatorMutator;3118
SecurityPickerSlide_0_InvalidViewFocusOperatorMutator;119
SecurityPickerSlide_1_ViewComponentNotVisibleOperatorMutator;1119
SecurityPickerSlide_2_InvalidViewFocusOperatorMutator;2119
SecurityPickerSlide_3_ViewComponentNotVisibleOperatorMutator;3119
SecurityPickerSlide_4_InvalidViewFocusOperatorMutator;4119
SecurityPickerSlide_5_ViewComponentNotVisibleOperatorMutator;5119
SecuritySetupSlide_0_InvalidViewFocusOperatorMutator;120
SecuritySetupSlide_1_ViewComponentNotVisibleOperatorMutator;1120
SecuritySetupSlide_2_InvalidViewFocusOperatorMutator;2120
SecuritySetupSlide_3_ViewComponentNotVisibleOperatorMutator;3120
SecuritySetupSlide_4_InvalidViewFocusOperatorMutator;4120
SecuritySetupSlide_5_ViewComponentNotVisibleOperatorMutator;5120
SecuritySetupSlide_6_InvalidViewFocusOperatorMutator;6120
SecuritySetupSlide_7_ViewComponentNotVisibleOperatorMutator;7120
SecuritySetupSlide_8_InvalidViewFocusOperatorMutator;8120
SecuritySetupSlide_9_ViewComponentNotVisibleOperatorMutator;9120
SecuritySetupSlide_10_InvalidViewFocusOperatorMutator;10120
SecuritySetupSlide_11_ViewComponentNotVisibleOperatorMutator;11120
IntroBaseActivity_0_LengthyGUICreationOperatorMutator;130
IntroBaseActivity_1_FindViewByIdReturnsNullOperatorMutator;1130
IntroBaseActivity_2_InvalidIDFindViewOperatorMutator;2130
IntroBaseActivity_3_InvalidViewFocusOperatorMutator;3130
IntroBaseActivity_4_ViewComponentNotVisibleOperatorMutator;4130
IntroBaseActivity_5_BuggyGUIListenerOperatorMutator;5130
IntroBaseActivity_6_FindViewByIdReturnsNullOperatorMutator;6130
IntroBaseActivity_7_InvalidIDFindViewOperatorMutator;7130
IntroBaseActivity_8_InvalidViewFocusOperatorMutator;8130
IntroBaseActivity_9_ViewComponentNotVisibleOperatorMutator;9130
IntroBaseActivity_10_BuggyGUIListenerOperatorMutator;10130
IntroBaseActivity_11_FindViewByIdReturnsNullOperatorMutator;11130
IntroBaseActivity_12_InvalidIDFindViewOperatorMutator;12130
IntroBaseActivity_13_InvalidViewFocusOperatorMutator;13130
IntroBaseActivity_14_ViewComponentNotVisibleOperatorMutator;14130
IntroBaseActivity_15_FindViewByIdReturnsNullOperatorMutator;15130
IntroBaseActivity_16_InvalidIDFindViewOperatorMutator;16130
IntroBaseActivity_17_InvalidViewFocusOperatorMutator;17130
IntroBaseActivity_18_ViewComponentNotVisibleOperatorMutator;18130
IntroBaseActivity_19_BinaryMutator;19130
IntroBaseActivity_20_BinaryMutator;20130
IntroBaseActivity_21_BinaryMutator;21130
IntroBaseActivity_22_BinaryMutator;22130
SlideIndicator_0_BinaryMutator;131
SlideIndicator_1_BinaryMutator;1131
SlideIndicator_2_BinaryMutator;2131
SlideIndicator_3_BinaryMutator;3131
SlideIndicator_4_BinaryMutator;4131
SlideIndicator_5_BinaryMutator;5131
SlideIndicator_6_BinaryMutator;6131
SlideIndicator_7_BinaryMutator;7131
SlideIndicator_8_BinaryMutator;8131
SlideIndicator_9_BinaryMutator;9131
SlideIndicator_10_BinaryMutator;10131
SlideIndicator_11_BinaryMutator;11131
SlideIndicator_12_BinaryMutator;12131
SlideIndicator_13_BinaryMutator;13131
SlideIndicator_14_BinaryMutator;14131
SlideIndicator_15_BinaryMutator;15131
SlideIndicator_16_BinaryMutator;16131
SlideIndicator_17_BinaryMutator;17131
SlideIndicator_18_BinaryMutator;18131
SlideIndicator_19_BinaryMutator;19131
SlideIndicator_20_BinaryMutator;20131
SlideIndicator_21_BinaryMutator;21131
SlideIndicator_22_BinaryMutator;22131
SlideIndicator_23_BinaryMutator;23131
SlideIndicator_24_BinaryMutator;24131
SlideIndicator_25_BinaryMutator;25131
SlideIndicator_26_BinaryMutator;26131
SlideIndicator_27_BinaryMutator;27131
BackupsPreferencesFragment_0_BinaryMutator;133
BackupsPreferencesFragment_1_BinaryMutator;1133
BackupsPreferencesFragment_2_NullIntentOperatorMutator;2133
BackupsPreferencesFragment_3_InvalidKeyIntentOperatorMutator;3133
BackupsPreferencesFragment_4_RandomActionIntentDefinitionOperatorMutator;4133
BackupsPreferencesFragment_5_RandomActionIntentDefinitionOperatorMutator;5133
IconPacksManagerFragment_0_InvalidViewFocusOperatorMutator;134
IconPacksManagerFragment_1_ViewComponentNotVisibleOperatorMutator;1134
IconPacksManagerFragment_2_BuggyGUIListenerOperatorMutator;2134
IconPacksManagerFragment_3_InvalidViewFocusOperatorMutator;3134
IconPacksManagerFragment_4_ViewComponentNotVisibleOperatorMutator;4134
IconPacksManagerFragment_5_InvalidViewFocusOperatorMutator;5134
IconPacksManagerFragment_6_ViewComponentNotVisibleOperatorMutator;6134
IconPacksManagerFragment_7_InvalidViewFocusOperatorMutator;7134
IconPacksManagerFragment_8_ViewComponentNotVisibleOperatorMutator;8134
IconPacksManagerFragment_9_BuggyGUIListenerOperatorMutator;9134
IconPacksManagerFragment_10_BuggyGUIListenerOperatorMutator;10134
IconPacksManagerFragment_11_NullIntentOperatorMutator;11134
IconPacksManagerFragment_12_InvalidKeyIntentOperatorMutator;12134
IconPacksManagerFragment_13_RandomActionIntentDefinitionOperatorMutator;13134
IconPacksManagerFragment_14_RandomActionIntentDefinitionOperatorMutator;14134
PreferencesFragment_0_RandomActionIntentDefinitionOperatorMutator;135
AppearancePreferencesFragment_0_InvalidKeyIntentOperatorMutator;136
AppearancePreferencesFragment_1_RandomActionIntentDefinitionOperatorMutator;1136
AppearancePreferencesFragment_2_BuggyGUIListenerOperatorMutator;2136
AppearancePreferencesFragment_3_BuggyGUIListenerOperatorMutator;3136
AppearancePreferencesFragment_4_NullValueIntentPutExtraOperatorMutator;4136
AppearancePreferencesFragment_5_IntentPayloadReplacementOperatorMutator;5136
AppearancePreferencesFragment_6_RandomActionIntentDefinitionOperatorMutator;6136
AppearancePreferencesFragment_7_NullValueIntentPutExtraOperatorMutator;7136
AppearancePreferencesFragment_8_IntentPayloadReplacementOperatorMutator;8136
AppearancePreferencesFragment_9_RandomActionIntentDefinitionOperatorMutator;9136
AppearancePreferencesFragment_10_BuggyGUIListenerOperatorMutator;10136
AppearancePreferencesFragment_11_NullValueIntentPutExtraOperatorMutator;11136
AppearancePreferencesFragment_12_IntentPayloadReplacementOperatorMutator;12136
AppearancePreferencesFragment_13_RandomActionIntentDefinitionOperatorMutator;13136
AppearancePreferencesFragment_14_NullValueIntentPutExtraOperatorMutator;14136
AppearancePreferencesFragment_15_IntentPayloadReplacementOperatorMutator;15136
AppearancePreferencesFragment_16_RandomActionIntentDefinitionOperatorMutator;16136
AppearancePreferencesFragment_17_NullValueIntentPutExtraOperatorMutator;17136
AppearancePreferencesFragment_18_IntentPayloadReplacementOperatorMutator;18136
AppearancePreferencesFragment_19_RandomActionIntentDefinitionOperatorMutator;19136
AppearancePreferencesFragment_20_NullValueIntentPutExtraOperatorMutator;20136
AppearancePreferencesFragment_21_IntentPayloadReplacementOperatorMutator;21136
AppearancePreferencesFragment_22_RandomActionIntentDefinitionOperatorMutator;22136
ImportExportPreferencesFragment_0_InvalidKeyIntentOperatorMutator;137
ImportExportPreferencesFragment_1_RandomActionIntentDefinitionOperatorMutator;1137
ImportExportPreferencesFragment_2_RandomActionIntentDefinitionOperatorMutator;2137
ImportExportPreferencesFragment_3_NullValueIntentPutExtraOperatorMutator;3137
ImportExportPreferencesFragment_4_IntentPayloadReplacementOperatorMutator;4137
ImportExportPreferencesFragment_5_RandomActionIntentDefinitionOperatorMutator;5137
ImportExportPreferencesFragment_6_NullIntentOperatorMutator;6137
ImportExportPreferencesFragment_7_InvalidKeyIntentOperatorMutator;7137
ImportExportPreferencesFragment_8_RandomActionIntentDefinitionOperatorMutator;8137
ImportExportPreferencesFragment_9_NullValueIntentPutExtraOperatorMutator;9137
ImportExportPreferencesFragment_10_IntentPayloadReplacementOperatorMutator;10137
ImportExportPreferencesFragment_11_RandomActionIntentDefinitionOperatorMutator;11137
ImportExportPreferencesFragment_12_NullValueIntentPutExtraOperatorMutator;12137
ImportExportPreferencesFragment_13_IntentPayloadReplacementOperatorMutator;13137
ImportExportPreferencesFragment_14_RandomActionIntentDefinitionOperatorMutator;14137
ImportExportPreferencesFragment_15_InvalidViewFocusOperatorMutator;15137
ImportExportPreferencesFragment_16_ViewComponentNotVisibleOperatorMutator;16137
ImportExportPreferencesFragment_17_InvalidViewFocusOperatorMutator;17137
ImportExportPreferencesFragment_18_ViewComponentNotVisibleOperatorMutator;18137
ImportExportPreferencesFragment_19_InvalidViewFocusOperatorMutator;19137
ImportExportPreferencesFragment_20_ViewComponentNotVisibleOperatorMutator;20137
ImportExportPreferencesFragment_21_InvalidViewFocusOperatorMutator;21137
ImportExportPreferencesFragment_22_ViewComponentNotVisibleOperatorMutator;22137
ImportExportPreferencesFragment_23_InvalidViewFocusOperatorMutator;23137
ImportExportPreferencesFragment_24_ViewComponentNotVisibleOperatorMutator;24137
ImportExportPreferencesFragment_25_InvalidViewFocusOperatorMutator;25137
ImportExportPreferencesFragment_26_ViewComponentNotVisibleOperatorMutator;26137
ImportExportPreferencesFragment_27_InvalidViewFocusOperatorMutator;27137
ImportExportPreferencesFragment_28_ViewComponentNotVisibleOperatorMutator;28137
ImportExportPreferencesFragment_29_InvalidViewFocusOperatorMutator;29137
ImportExportPreferencesFragment_30_ViewComponentNotVisibleOperatorMutator;30137
ImportExportPreferencesFragment_31_BuggyGUIListenerOperatorMutator;31137
ImportExportPreferencesFragment_32_RandomActionIntentDefinitionOperatorMutator;32137
ImportExportPreferencesFragment_33_BuggyGUIListenerOperatorMutator;33137
ImportExportPreferencesFragment_34_RandomActionIntentDefinitionOperatorMutator;34137
ImportExportPreferencesFragment_35_RandomActionIntentDefinitionOperatorMutator;35137
ImportExportPreferencesFragment_36_BinaryMutator;36137
ImportExportPreferencesFragment_37_BinaryMutator;37137
ImportExportPreferencesFragment_38_BinaryMutator;38137
ImportExportPreferencesFragment_39_BinaryMutator;39137
ImportExportPreferencesFragment_40_NullIntentOperatorMutator;40137
ImportExportPreferencesFragment_41_InvalidKeyIntentOperatorMutator;41137
ImportExportPreferencesFragment_42_RandomActionIntentDefinitionOperatorMutator;42137
ImportExportPreferencesFragment_43_NullValueIntentPutExtraOperatorMutator;43137
ImportExportPreferencesFragment_44_IntentPayloadReplacementOperatorMutator;44137
ImportExportPreferencesFragment_45_RandomActionIntentDefinitionOperatorMutator;45137
SecurityPreferencesFragment_0_NullValueIntentPutExtraOperatorMutator;138
SecurityPreferencesFragment_1_IntentPayloadReplacementOperatorMutator;1138
SecurityPreferencesFragment_2_RandomActionIntentDefinitionOperatorMutator;2138
SecurityPreferencesFragment_3_NullValueIntentPutExtraOperatorMutator;3138
SecurityPreferencesFragment_4_IntentPayloadReplacementOperatorMutator;4138
SecurityPreferencesFragment_5_RandomActionIntentDefinitionOperatorMutator;5138
SecurityPreferencesFragment_6_NullValueIntentPutExtraOperatorMutator;6138
SecurityPreferencesFragment_7_IntentPayloadReplacementOperatorMutator;7138
SecurityPreferencesFragment_8_RandomActionIntentDefinitionOperatorMutator;8138
SecurityPreferencesFragment_9_BuggyGUIListenerOperatorMutator;9138
SecurityPreferencesFragment_10_BuggyGUIListenerOperatorMutator;10138
SecurityPreferencesFragment_11_BuggyGUIListenerOperatorMutator;11138
BehaviorPreferencesFragment_0_NullValueIntentPutExtraOperatorMutator;139
BehaviorPreferencesFragment_1_IntentPayloadReplacementOperatorMutator;1139
BehaviorPreferencesFragment_2_RandomActionIntentDefinitionOperatorMutator;2139
BehaviorPreferencesFragment_3_NullValueIntentPutExtraOperatorMutator;3139
BehaviorPreferencesFragment_4_IntentPayloadReplacementOperatorMutator;4139
BehaviorPreferencesFragment_5_RandomActionIntentDefinitionOperatorMutator;5139
BehaviorPreferencesFragment_6_NullValueIntentPutExtraOperatorMutator;6139
BehaviorPreferencesFragment_7_IntentPayloadReplacementOperatorMutator;7139
BehaviorPreferencesFragment_8_RandomActionIntentDefinitionOperatorMutator;8139
ProgressDialogTask_0_BinaryMutator;144
QrDecodeTask_0_BinaryMutator;145
DropdownCheckBoxes_0_InvalidViewFocusOperatorMutator;150
DropdownCheckBoxes_1_ViewComponentNotVisibleOperatorMutator;1150
IconHolder_0_InvalidViewFocusOperatorMutator;151
IconHolder_1_ViewComponentNotVisibleOperatorMutator;1151
IconHolder_2_InvalidViewFocusOperatorMutator;2151
IconHolder_3_ViewComponentNotVisibleOperatorMutator;3151
GroupHolder_0_InvalidViewFocusOperatorMutator;152
GroupHolder_1_ViewComponentNotVisibleOperatorMutator;1152
GroupHolder_2_InvalidViewFocusOperatorMutator;2152
GroupHolder_3_ViewComponentNotVisibleOperatorMutator;3152
EntryListView_0_LengthyGUICreationOperatorMutator;153
EntryListView_1_InvalidViewFocusOperatorMutator;1153
EntryListView_2_ViewComponentNotVisibleOperatorMutator;2153
EntryListView_3_InvalidViewFocusOperatorMutator;3153
EntryListView_4_ViewComponentNotVisibleOperatorMutator;4153
EntryListView_5_InvalidViewFocusOperatorMutator;5153
EntryListView_6_ViewComponentNotVisibleOperatorMutator;6153
EntryListView_7_InvalidViewFocusOperatorMutator;7153
EntryListView_8_ViewComponentNotVisibleOperatorMutator;8153
EntryListView_9_InvalidViewFocusOperatorMutator;9153
EntryListView_10_ViewComponentNotVisibleOperatorMutator;10153
EntryListView_11_InvalidViewFocusOperatorMutator;11153
EntryListView_12_ViewComponentNotVisibleOperatorMutator;12153
EntryListView_13_InvalidViewFocusOperatorMutator;13153
EntryListView_14_ViewComponentNotVisibleOperatorMutator;14153
EntryListView_15_BuggyGUIListenerOperatorMutator;15153
EntryListView_16_BuggyGUIListenerOperatorMutator;16153
EntryListView_17_BuggyGUIListenerOperatorMutator;17153
EntryListView_18_InvalidViewFocusOperatorMutator;18153
EntryListView_19_ViewComponentNotVisibleOperatorMutator;19153
EntryListView_20_BinaryMutator;20153
EntryListView_21_BinaryMutator;21153
EntryListView_22_BinaryMutator;22153
EntryAdapter_0_BinaryMutator;154
EntryAdapter_1_BinaryMutator;1154
EntryAdapter_2_BuggyGUIListenerOperatorMutator;2154
EntryAdapter_3_LengthyGUIListenerOperatorMutator;3154
EntryAdapter_4_BuggyGUIListenerOperatorMutator;4154
EntryAdapter_5_LengthyGUIListenerOperatorMutator;5154
EntryAdapter_6_BinaryMutator;6154
EntryAdapter_7_BinaryMutator;7154
EntryAdapter_8_BinaryMutator;8154
EntryAdapter_9_BinaryMutator;9154
EntryAdapter_10_BinaryMutator;10154
EntryAdapter_11_InvalidViewFocusOperatorMutator;11154
EntryAdapter_12_ViewComponentNotVisibleOperatorMutator;12154
IconCategoryHolder_0_InvalidViewFocusOperatorMutator;155
IconCategoryHolder_1_ViewComponentNotVisibleOperatorMutator;1155
IconCategoryHolder_2_InvalidViewFocusOperatorMutator;2155
IconCategoryHolder_3_ViewComponentNotVisibleOperatorMutator;3155
IconRecyclerView_0_BinaryMutator;156
IconPackAdapter_0_BinaryMutator;157
IconPackAdapter_1_BuggyGUIListenerOperatorMutator;1157
ImportEntriesAdapter_0_BinaryMutator;158
ImportEntryHolder_0_InvalidViewFocusOperatorMutator;159
ImportEntryHolder_1_ViewComponentNotVisibleOperatorMutator;1159
ImportEntryHolder_2_InvalidViewFocusOperatorMutator;2159
ImportEntryHolder_3_ViewComponentNotVisibleOperatorMutator;3159
ImportEntryHolder_4_InvalidViewFocusOperatorMutator;4159
ImportEntryHolder_5_ViewComponentNotVisibleOperatorMutator;5159
ImportEntryHolder_6_BuggyGUIListenerOperatorMutator;6159
GroupAdapter_0_BinaryMutator;160
GroupAdapter_1_BuggyGUIListenerOperatorMutator;1160
IconPackHolder_0_InvalidViewFocusOperatorMutator;161
IconPackHolder_1_ViewComponentNotVisibleOperatorMutator;1161
IconPackHolder_2_InvalidViewFocusOperatorMutator;2161
IconPackHolder_3_ViewComponentNotVisibleOperatorMutator;3161
IconPackHolder_4_InvalidViewFocusOperatorMutator;4161
IconPackHolder_5_ViewComponentNotVisibleOperatorMutator;5161
EntryHolder_0_InvalidViewFocusOperatorMutator;162
EntryHolder_1_ViewComponentNotVisibleOperatorMutator;1162
EntryHolder_2_InvalidViewFocusOperatorMutator;2162
EntryHolder_3_ViewComponentNotVisibleOperatorMutator;3162
EntryHolder_4_InvalidViewFocusOperatorMutator;4162
EntryHolder_5_ViewComponentNotVisibleOperatorMutator;5162
EntryHolder_6_InvalidViewFocusOperatorMutator;6162
EntryHolder_7_ViewComponentNotVisibleOperatorMutator;7162
EntryHolder_8_InvalidViewFocusOperatorMutator;8162
EntryHolder_9_ViewComponentNotVisibleOperatorMutator;9162
EntryHolder_10_InvalidViewFocusOperatorMutator;10162
EntryHolder_11_ViewComponentNotVisibleOperatorMutator;11162
EntryHolder_12_InvalidViewFocusOperatorMutator;12162
EntryHolder_13_ViewComponentNotVisibleOperatorMutator;13162
EntryHolder_14_InvalidViewFocusOperatorMutator;14162
EntryHolder_15_ViewComponentNotVisibleOperatorMutator;15162
EntryHolder_16_InvalidViewFocusOperatorMutator;16162
EntryHolder_17_ViewComponentNotVisibleOperatorMutator;17162
EntryHolder_18_InvalidViewFocusOperatorMutator;18162
EntryHolder_19_ViewComponentNotVisibleOperatorMutator;19162
EntryHolder_20_InvalidViewFocusOperatorMutator;20162
EntryHolder_21_ViewComponentNotVisibleOperatorMutator;21162
EntryHolder_22_InvalidViewFocusOperatorMutator;22162
EntryHolder_23_ViewComponentNotVisibleOperatorMutator;23162
EntryHolder_24_BinaryMutator;24162
EntryHolder_25_BinaryMutator;25162
IconAdapter_0_BinaryMutator;163
IconAdapter_1_BinaryMutator;1163
IconAdapter_2_BuggyGUIListenerOperatorMutator;2163
IconAdapter_3_BuggyGUIListenerOperatorMutator;3163
IconAdapter_4_BinaryMutator;4163
IconAdapter_5_BinaryMutator;5163
TotpProgressBar_0_BinaryMutator;164
TotpProgressBar_1_BinaryMutator;1164
TotpProgressBar_2_BinaryMutator;2164
TotpProgressBar_3_BinaryMutator;3164
TotpProgressBar_4_BinaryMutator;4164
TotpProgressBar_5_BinaryMutator;5164
TotpProgressBar_6_BinaryMutator;6164
TotpProgressBar_7_BinaryMutator;7164
TotpProgressBar_8_BinaryMutator;8164
TotpProgressBar_9_BinaryMutator;9164
TotpProgressBar_10_BinaryMutator;10164
ImportEntriesActivity_0_LengthyGUICreationOperatorMutator;165
ImportEntriesActivity_1_InvalidIDFindViewOperatorMutator;1165
ImportEntriesActivity_2_FindViewByIdReturnsNullOperatorMutator;2165
ImportEntriesActivity_3_InvalidIDFindViewOperatorMutator;3165
ImportEntriesActivity_4_InvalidViewFocusOperatorMutator;4165
ImportEntriesActivity_5_ViewComponentNotVisibleOperatorMutator;5165
ImportEntriesActivity_6_FindViewByIdReturnsNullOperatorMutator;6165
ImportEntriesActivity_7_InvalidIDFindViewOperatorMutator;7165
ImportEntriesActivity_8_InvalidViewFocusOperatorMutator;8165
ImportEntriesActivity_9_ViewComponentNotVisibleOperatorMutator;9165
ImportEntriesActivity_10_BuggyGUIListenerOperatorMutator;10165
ImportEntriesActivity_11_BuggyGUIListenerOperatorMutator;11165
ImportEntriesActivity_12_BuggyGUIListenerOperatorMutator;12165
ImportEntriesActivity_13_BuggyGUIListenerOperatorMutator;13165
ImportEntriesActivity_14_BuggyGUIListenerOperatorMutator;14165
ImportEntriesActivity_15_BuggyGUIListenerOperatorMutator;15165
ImportEntriesActivity_16_BuggyGUIListenerOperatorMutator;16165
ImportEntriesActivity_17_BuggyGUIListenerOperatorMutator;17165
ScannerActivity_0_LengthyGUICreationOperatorMutator;166
ScannerActivity_1_InvalidIDFindViewOperatorMutator;1166
ScannerActivity_2_FindViewByIdReturnsNullOperatorMutator;2166
ScannerActivity_3_InvalidIDFindViewOperatorMutator;3166
ScannerActivity_4_InvalidViewFocusOperatorMutator;4166
ScannerActivity_5_ViewComponentNotVisibleOperatorMutator;5166
ScannerActivity_6_BuggyGUIListenerOperatorMutator;6166
ScannerActivity_7_BinaryMutator;7166
ScannerActivity_8_BinaryMutator;8166
ScannerActivity_9_BinaryMutator;9166
ScannerActivity_10_BinaryMutator;10166
ScannerActivity_11_BinaryMutator;11166
ScannerActivity_12_NullIntentOperatorMutator;12166
ScannerActivity_13_RandomActionIntentDefinitionOperatorMutator;13166
ScannerActivity_14_NullValueIntentPutExtraOperatorMutator;14166
ScannerActivity_15_IntentPayloadReplacementOperatorMutator;15166
ScannerActivity_16_RandomActionIntentDefinitionOperatorMutator;16166
AuthActivity_0_LengthyGUICreationOperatorMutator;167
AuthActivity_1_FindViewByIdReturnsNullOperatorMutator;1167
AuthActivity_2_InvalidIDFindViewOperatorMutator;2167
AuthActivity_3_InvalidViewFocusOperatorMutator;3167
AuthActivity_4_ViewComponentNotVisibleOperatorMutator;4167
AuthActivity_5_FindViewByIdReturnsNullOperatorMutator;5167
AuthActivity_6_InvalidIDFindViewOperatorMutator;6167
AuthActivity_7_InvalidViewFocusOperatorMutator;7167
AuthActivity_8_ViewComponentNotVisibleOperatorMutator;8167
AuthActivity_9_FindViewByIdReturnsNullOperatorMutator;9167
AuthActivity_10_InvalidIDFindViewOperatorMutator;10167
AuthActivity_11_InvalidViewFocusOperatorMutator;11167
AuthActivity_12_ViewComponentNotVisibleOperatorMutator;12167
AuthActivity_13_FindViewByIdReturnsNullOperatorMutator;13167
AuthActivity_14_InvalidIDFindViewOperatorMutator;14167
AuthActivity_15_InvalidViewFocusOperatorMutator;15167
AuthActivity_16_ViewComponentNotVisibleOperatorMutator;16167
AuthActivity_17_RandomActionIntentDefinitionOperatorMutator;17167
AuthActivity_18_BuggyGUIListenerOperatorMutator;18167
AuthActivity_19_BuggyGUIListenerOperatorMutator;19167
AuthActivity_20_BuggyGUIListenerOperatorMutator;20167
AuthActivity_21_BinaryMutator;21167
AuthActivity_22_BinaryMutator;22167
AuthActivity_23_BuggyGUIListenerOperatorMutator;23167
PreferencesActivity_0_LengthyGUICreationOperatorMutator;168
PreferencesActivity_1_InvalidIDFindViewOperatorMutator;1168
GroupManagerActivity_0_LengthyGUICreationOperatorMutator;169
GroupManagerActivity_1_InvalidIDFindViewOperatorMutator;1169
GroupManagerActivity_2_FindViewByIdReturnsNullOperatorMutator;2169
GroupManagerActivity_3_InvalidIDFindViewOperatorMutator;3169
GroupManagerActivity_4_InvalidViewFocusOperatorMutator;4169
GroupManagerActivity_5_ViewComponentNotVisibleOperatorMutator;5169
GroupManagerActivity_6_FindViewByIdReturnsNullOperatorMutator;6169
GroupManagerActivity_7_InvalidIDFindViewOperatorMutator;7169
GroupManagerActivity_8_InvalidViewFocusOperatorMutator;8169
GroupManagerActivity_9_ViewComponentNotVisibleOperatorMutator;9169
GroupManagerActivity_10_BuggyGUIListenerOperatorMutator;10169
GroupManagerActivity_11_BuggyGUIListenerOperatorMutator;11169
GroupManagerActivity_12_BuggyGUIListenerOperatorMutator;12169
PanicResponderActivity_0_LengthyGUICreationOperatorMutator;170
PanicResponderActivity_1_RandomActionIntentDefinitionOperatorMutator;1170
PanicResponderActivity_2_RandomActionIntentDefinitionOperatorMutator;2170
ExitActivity_0_LengthyGUICreationOperatorMutator;171
ExitActivity_1_NullIntentOperatorMutator;1171
ExitActivity_2_InvalidKeyIntentOperatorMutator;2171
ExitActivity_3_RandomActionIntentDefinitionOperatorMutator;3171
ExitActivity_4_RandomActionIntentDefinitionOperatorMutator;4171
TransferEntriesActivity_0_LengthyGUICreationOperatorMutator;172
TransferEntriesActivity_1_InvalidIDFindViewOperatorMutator;1172
TransferEntriesActivity_2_FindViewByIdReturnsNullOperatorMutator;2172
TransferEntriesActivity_3_InvalidIDFindViewOperatorMutator;3172
TransferEntriesActivity_4_InvalidViewFocusOperatorMutator;4172
TransferEntriesActivity_5_ViewComponentNotVisibleOperatorMutator;5172
TransferEntriesActivity_6_FindViewByIdReturnsNullOperatorMutator;6172
TransferEntriesActivity_7_InvalidIDFindViewOperatorMutator;7172
TransferEntriesActivity_8_InvalidViewFocusOperatorMutator;8172
TransferEntriesActivity_9_ViewComponentNotVisibleOperatorMutator;9172
TransferEntriesActivity_10_FindViewByIdReturnsNullOperatorMutator;10172
TransferEntriesActivity_11_InvalidIDFindViewOperatorMutator;11172
TransferEntriesActivity_12_InvalidViewFocusOperatorMutator;12172
TransferEntriesActivity_13_ViewComponentNotVisibleOperatorMutator;13172
TransferEntriesActivity_14_FindViewByIdReturnsNullOperatorMutator;14172
TransferEntriesActivity_15_InvalidIDFindViewOperatorMutator;15172
TransferEntriesActivity_16_InvalidViewFocusOperatorMutator;16172
TransferEntriesActivity_17_ViewComponentNotVisibleOperatorMutator;17172
TransferEntriesActivity_18_FindViewByIdReturnsNullOperatorMutator;18172
TransferEntriesActivity_19_InvalidIDFindViewOperatorMutator;19172
TransferEntriesActivity_20_InvalidViewFocusOperatorMutator;20172
TransferEntriesActivity_21_ViewComponentNotVisibleOperatorMutator;21172
TransferEntriesActivity_22_FindViewByIdReturnsNullOperatorMutator;22172
TransferEntriesActivity_23_InvalidIDFindViewOperatorMutator;23172
TransferEntriesActivity_24_InvalidViewFocusOperatorMutator;24172
TransferEntriesActivity_25_ViewComponentNotVisibleOperatorMutator;25172
TransferEntriesActivity_26_FindViewByIdReturnsNullOperatorMutator;26172
TransferEntriesActivity_27_InvalidIDFindViewOperatorMutator;27172
TransferEntriesActivity_28_InvalidViewFocusOperatorMutator;28172
TransferEntriesActivity_29_ViewComponentNotVisibleOperatorMutator;29172
TransferEntriesActivity_30_FindViewByIdReturnsNullOperatorMutator;30172
TransferEntriesActivity_31_InvalidIDFindViewOperatorMutator;31172
TransferEntriesActivity_32_InvalidViewFocusOperatorMutator;32172
TransferEntriesActivity_33_ViewComponentNotVisibleOperatorMutator;33172
TransferEntriesActivity_34_RandomActionIntentDefinitionOperatorMutator;34172
TransferEntriesActivity_35_BuggyGUIListenerOperatorMutator;35172
TransferEntriesActivity_36_BuggyGUIListenerOperatorMutator;36172
TransferEntriesActivity_37_BuggyGUIListenerOperatorMutator;37172
TransferEntriesActivity_38_BinaryMutator;38172
TransferEntriesActivity_39_BinaryMutator;39172
MainActivity_0_LengthyGUICreationOperatorMutator;173
MainActivity_1_InvalidIDFindViewOperatorMutator;1173
MainActivity_2_FindViewByIdReturnsNullOperatorMutator;2173
MainActivity_3_InvalidIDFindViewOperatorMutator;3173
MainActivity_4_InvalidViewFocusOperatorMutator;4173
MainActivity_5_ViewComponentNotVisibleOperatorMutator;5173
MainActivity_6_BuggyGUIListenerOperatorMutator;6173
MainActivity_7_BuggyGUIListenerOperatorMutator;7173
MainActivity_8_BuggyGUIListenerOperatorMutator;8173
MainActivity_9_BuggyGUIListenerOperatorMutator;9173
MainActivity_10_FindViewByIdReturnsNullOperatorMutator;10173
MainActivity_11_InvalidIDFindViewOperatorMutator;11173
MainActivity_12_InvalidViewFocusOperatorMutator;12173
MainActivity_13_ViewComponentNotVisibleOperatorMutator;13173
MainActivity_14_FindViewByIdReturnsNullOperatorMutator;14173
MainActivity_15_InvalidIDFindViewOperatorMutator;15173
MainActivity_16_InvalidViewFocusOperatorMutator;16173
MainActivity_17_ViewComponentNotVisibleOperatorMutator;17173
MainActivity_18_NullIntentOperatorMutator;18173
MainActivity_19_InvalidKeyIntentOperatorMutator;19173
MainActivity_20_RandomActionIntentDefinitionOperatorMutator;20173
MainActivity_21_NullValueIntentPutExtraOperatorMutator;21173
MainActivity_22_IntentPayloadReplacementOperatorMutator;22173
MainActivity_23_RandomActionIntentDefinitionOperatorMutator;23173
MainActivity_24_NullValueIntentPutExtraOperatorMutator;24173
MainActivity_25_IntentPayloadReplacementOperatorMutator;25173
MainActivity_26_RandomActionIntentDefinitionOperatorMutator;26173
MainActivity_27_NullIntentOperatorMutator;27173
MainActivity_28_InvalidKeyIntentOperatorMutator;28173
MainActivity_29_RandomActionIntentDefinitionOperatorMutator;29173
MainActivity_30_NullValueIntentPutExtraOperatorMutator;30173
MainActivity_31_IntentPayloadReplacementOperatorMutator;31173
MainActivity_32_RandomActionIntentDefinitionOperatorMutator;32173
MainActivity_33_NullValueIntentPutExtraOperatorMutator;33173
MainActivity_34_IntentPayloadReplacementOperatorMutator;34173
MainActivity_35_RandomActionIntentDefinitionOperatorMutator;35173
MainActivity_36_NullIntentOperatorMutator;36173
MainActivity_37_InvalidKeyIntentOperatorMutator;37173
MainActivity_38_RandomActionIntentDefinitionOperatorMutator;38173
MainActivity_39_NullValueIntentPutExtraOperatorMutator;39173
MainActivity_40_IntentPayloadReplacementOperatorMutator;40173
MainActivity_41_RandomActionIntentDefinitionOperatorMutator;41173
MainActivity_42_NullIntentOperatorMutator;42173
MainActivity_43_InvalidKeyIntentOperatorMutator;43173
MainActivity_44_RandomActionIntentDefinitionOperatorMutator;44173
MainActivity_45_BuggyGUIListenerOperatorMutator;45173
MainActivity_46_BinaryMutator;46173
MainActivity_47_BuggyGUIListenerOperatorMutator;47173
MainActivity_48_InvalidKeyIntentOperatorMutator;48173
MainActivity_49_RandomActionIntentDefinitionOperatorMutator;49173
MainActivity_50_NullIntentOperatorMutator;50173
MainActivity_51_InvalidKeyIntentOperatorMutator;51173
MainActivity_52_RandomActionIntentDefinitionOperatorMutator;52173
MainActivity_53_NullIntentOperatorMutator;53173
MainActivity_54_InvalidKeyIntentOperatorMutator;54173
MainActivity_55_RandomActionIntentDefinitionOperatorMutator;55173
MainActivity_56_NullValueIntentPutExtraOperatorMutator;56173
MainActivity_57_IntentPayloadReplacementOperatorMutator;57173
MainActivity_58_RandomActionIntentDefinitionOperatorMutator;58173
MainActivity_59_RandomActionIntentDefinitionOperatorMutator;59173
MainActivity_60_NullIntentOperatorMutator;60173
MainActivity_61_InvalidKeyIntentOperatorMutator;61173
MainActivity_62_RandomActionIntentDefinitionOperatorMutator;62173
MainActivity_63_NullValueIntentPutExtraOperatorMutator;63173
MainActivity_64_IntentPayloadReplacementOperatorMutator;64173
MainActivity_65_RandomActionIntentDefinitionOperatorMutator;65173
MainActivity_66_RandomActionIntentDefinitionOperatorMutator;66173
MainActivity_67_RandomActionIntentDefinitionOperatorMutator;67173
MainActivity_68_NullValueIntentPutExtraOperatorMutator;68173
MainActivity_69_IntentPayloadReplacementOperatorMutator;69173
MainActivity_70_RandomActionIntentDefinitionOperatorMutator;70173
MainActivity_71_NullIntentOperatorMutator;71173
MainActivity_72_InvalidKeyIntentOperatorMutator;72173
MainActivity_73_RandomActionIntentDefinitionOperatorMutator;73173
MainActivity_74_NullValueIntentPutExtraOperatorMutator;74173
MainActivity_75_IntentPayloadReplacementOperatorMutator;75173
MainActivity_76_RandomActionIntentDefinitionOperatorMutator;76173
MainActivity_77_NullValueIntentPutExtraOperatorMutator;77173
MainActivity_78_IntentPayloadReplacementOperatorMutator;78173
MainActivity_79_RandomActionIntentDefinitionOperatorMutator;79173
MainActivity_80_RandomActionIntentDefinitionOperatorMutator;80173
MainActivity_81_RandomActionIntentDefinitionOperatorMutator;81173
MainActivity_82_RandomActionIntentDefinitionOperatorMutator;82173
MainActivity_83_RandomActionIntentDefinitionOperatorMutator;83173
MainActivity_84_RandomActionIntentDefinitionOperatorMutator;84173
MainActivity_85_RandomActionIntentDefinitionOperatorMutator;85173
MainActivity_86_RandomActionIntentDefinitionOperatorMutator;86173
MainActivity_87_BuggyGUIListenerOperatorMutator;87173
MainActivity_88_BuggyGUIListenerOperatorMutator;88173
MainActivity_89_NullIntentOperatorMutator;89173
MainActivity_90_InvalidKeyIntentOperatorMutator;90173
MainActivity_91_RandomActionIntentDefinitionOperatorMutator;91173
MainActivity_92_NullIntentOperatorMutator;92173
MainActivity_93_InvalidKeyIntentOperatorMutator;93173
MainActivity_94_RandomActionIntentDefinitionOperatorMutator;94173
MainActivity_95_NullValueIntentPutExtraOperatorMutator;95173
MainActivity_96_IntentPayloadReplacementOperatorMutator;96173
MainActivity_97_RandomActionIntentDefinitionOperatorMutator;97173
MainActivity_98_BuggyGUIListenerOperatorMutator;98173
MainActivity_99_BuggyGUIListenerOperatorMutator;99173
MainActivity_100_BuggyGUIListenerOperatorMutator;100173
MainActivity_101_BuggyGUIListenerOperatorMutator;101173
MainActivity_102_BuggyGUIListenerOperatorMutator;102173
MainActivity_103_InvalidViewFocusOperatorMutator;103173
MainActivity_104_ViewComponentNotVisibleOperatorMutator;104173
MainActivity_105_BuggyGUIListenerOperatorMutator;105173
MainActivity_106_NullIntentOperatorMutator;106173
MainActivity_107_InvalidKeyIntentOperatorMutator;107173
MainActivity_108_RandomActionIntentDefinitionOperatorMutator;108173
MainActivity_109_NullValueIntentPutExtraOperatorMutator;109173
MainActivity_110_IntentPayloadReplacementOperatorMutator;110173
MainActivity_111_RandomActionIntentDefinitionOperatorMutator;111173
MainActivity_112_BuggyGUIListenerOperatorMutator;112173
AboutActivity_0_LengthyGUICreationOperatorMutator;174
AboutActivity_1_InvalidIDFindViewOperatorMutator;1174
AboutActivity_2_FindViewByIdReturnsNullOperatorMutator;2174
AboutActivity_3_InvalidIDFindViewOperatorMutator;3174
AboutActivity_4_InvalidViewFocusOperatorMutator;4174
AboutActivity_5_ViewComponentNotVisibleOperatorMutator;5174
AboutActivity_6_BuggyGUIListenerOperatorMutator;6174
AboutActivity_7_FindViewByIdReturnsNullOperatorMutator;7174
AboutActivity_8_InvalidIDFindViewOperatorMutator;8174
AboutActivity_9_InvalidViewFocusOperatorMutator;9174
AboutActivity_10_ViewComponentNotVisibleOperatorMutator;10174
AboutActivity_11_BuggyGUIListenerOperatorMutator;11174
AboutActivity_12_FindViewByIdReturnsNullOperatorMutator;12174
AboutActivity_13_InvalidIDFindViewOperatorMutator;13174
AboutActivity_14_InvalidViewFocusOperatorMutator;14174
AboutActivity_15_ViewComponentNotVisibleOperatorMutator;15174
AboutActivity_16_FindViewByIdReturnsNullOperatorMutator;16174
AboutActivity_17_InvalidIDFindViewOperatorMutator;17174
AboutActivity_18_InvalidViewFocusOperatorMutator;18174
AboutActivity_19_ViewComponentNotVisibleOperatorMutator;19174
AboutActivity_20_BuggyGUIListenerOperatorMutator;20174
AboutActivity_21_FindViewByIdReturnsNullOperatorMutator;21174
AboutActivity_22_InvalidIDFindViewOperatorMutator;22174
AboutActivity_23_InvalidViewFocusOperatorMutator;23174
AboutActivity_24_ViewComponentNotVisibleOperatorMutator;24174
AboutActivity_25_BuggyGUIListenerOperatorMutator;25174
AboutActivity_26_FindViewByIdReturnsNullOperatorMutator;26174
AboutActivity_27_InvalidIDFindViewOperatorMutator;27174
AboutActivity_28_InvalidViewFocusOperatorMutator;28174
AboutActivity_29_ViewComponentNotVisibleOperatorMutator;29174
AboutActivity_30_BuggyGUIListenerOperatorMutator;30174
AboutActivity_31_FindViewByIdReturnsNullOperatorMutator;31174
AboutActivity_32_InvalidIDFindViewOperatorMutator;32174
AboutActivity_33_InvalidViewFocusOperatorMutator;33174
AboutActivity_34_ViewComponentNotVisibleOperatorMutator;34174
AboutActivity_35_BuggyGUIListenerOperatorMutator;35174
AboutActivity_36_FindViewByIdReturnsNullOperatorMutator;36174
AboutActivity_37_InvalidIDFindViewOperatorMutator;37174
AboutActivity_38_InvalidViewFocusOperatorMutator;38174
AboutActivity_39_ViewComponentNotVisibleOperatorMutator;39174
AboutActivity_40_BuggyGUIListenerOperatorMutator;40174
AboutActivity_41_FindViewByIdReturnsNullOperatorMutator;41174
AboutActivity_42_InvalidIDFindViewOperatorMutator;42174
AboutActivity_43_InvalidViewFocusOperatorMutator;43174
AboutActivity_44_ViewComponentNotVisibleOperatorMutator;44174
AboutActivity_45_BuggyGUIListenerOperatorMutator;45174
AboutActivity_46_FindViewByIdReturnsNullOperatorMutator;46174
AboutActivity_47_InvalidIDFindViewOperatorMutator;47174
AboutActivity_48_InvalidViewFocusOperatorMutator;48174
AboutActivity_49_ViewComponentNotVisibleOperatorMutator;49174
AboutActivity_50_BuggyGUIListenerOperatorMutator;50174
AboutActivity_51_FindViewByIdReturnsNullOperatorMutator;51174
AboutActivity_52_InvalidIDFindViewOperatorMutator;52174
AboutActivity_53_InvalidViewFocusOperatorMutator;53174
AboutActivity_54_ViewComponentNotVisibleOperatorMutator;54174
AboutActivity_55_BuggyGUIListenerOperatorMutator;55174
AboutActivity_56_NullIntentOperatorMutator;56174
AboutActivity_57_InvalidKeyIntentOperatorMutator;57174
AboutActivity_58_RandomActionIntentDefinitionOperatorMutator;58174
AboutActivity_59_RandomActionIntentDefinitionOperatorMutator;59174
AboutActivity_60_RandomActionIntentDefinitionOperatorMutator;60174
AboutActivity_61_NullIntentOperatorMutator;61174
AboutActivity_62_InvalidKeyIntentOperatorMutator;62174
AboutActivity_63_RandomActionIntentDefinitionOperatorMutator;63174
AboutActivity_64_RandomActionIntentDefinitionOperatorMutator;64174
AboutActivity_65_NullValueIntentPutExtraOperatorMutator;65174
AboutActivity_66_IntentPayloadReplacementOperatorMutator;66174
AboutActivity_67_RandomActionIntentDefinitionOperatorMutator;67174
AboutActivity_68_NullValueIntentPutExtraOperatorMutator;68174
AboutActivity_69_IntentPayloadReplacementOperatorMutator;69174
AboutActivity_70_RandomActionIntentDefinitionOperatorMutator;70174
EditEntryActivity_0_LengthyGUICreationOperatorMutator;175
EditEntryActivity_1_InvalidIDFindViewOperatorMutator;1175
EditEntryActivity_2_RandomActionIntentDefinitionOperatorMutator;2175
EditEntryActivity_3_FindViewByIdReturnsNullOperatorMutator;3175
EditEntryActivity_4_InvalidIDFindViewOperatorMutator;4175
EditEntryActivity_5_InvalidViewFocusOperatorMutator;5175
EditEntryActivity_6_ViewComponentNotVisibleOperatorMutator;6175
EditEntryActivity_7_FindViewByIdReturnsNullOperatorMutator;7175
EditEntryActivity_8_InvalidIDFindViewOperatorMutator;8175
EditEntryActivity_9_InvalidViewFocusOperatorMutator;9175
EditEntryActivity_10_ViewComponentNotVisibleOperatorMutator;10175
EditEntryActivity_11_FindViewByIdReturnsNullOperatorMutator;11175
EditEntryActivity_12_InvalidIDFindViewOperatorMutator;12175
EditEntryActivity_13_InvalidViewFocusOperatorMutator;13175
EditEntryActivity_14_ViewComponentNotVisibleOperatorMutator;14175
EditEntryActivity_15_FindViewByIdReturnsNullOperatorMutator;15175
EditEntryActivity_16_InvalidIDFindViewOperatorMutator;16175
EditEntryActivity_17_InvalidViewFocusOperatorMutator;17175
EditEntryActivity_18_ViewComponentNotVisibleOperatorMutator;18175
EditEntryActivity_19_FindViewByIdReturnsNullOperatorMutator;19175
EditEntryActivity_20_InvalidIDFindViewOperatorMutator;20175
EditEntryActivity_21_InvalidViewFocusOperatorMutator;21175
EditEntryActivity_22_ViewComponentNotVisibleOperatorMutator;22175
EditEntryActivity_23_FindViewByIdReturnsNullOperatorMutator;23175
EditEntryActivity_24_InvalidIDFindViewOperatorMutator;24175
EditEntryActivity_25_InvalidViewFocusOperatorMutator;25175
EditEntryActivity_26_ViewComponentNotVisibleOperatorMutator;26175
EditEntryActivity_27_FindViewByIdReturnsNullOperatorMutator;27175
EditEntryActivity_28_InvalidIDFindViewOperatorMutator;28175
EditEntryActivity_29_InvalidViewFocusOperatorMutator;29175
EditEntryActivity_30_ViewComponentNotVisibleOperatorMutator;30175
EditEntryActivity_31_FindViewByIdReturnsNullOperatorMutator;31175
EditEntryActivity_32_InvalidIDFindViewOperatorMutator;32175
EditEntryActivity_33_InvalidViewFocusOperatorMutator;33175
EditEntryActivity_34_ViewComponentNotVisibleOperatorMutator;34175
EditEntryActivity_35_FindViewByIdReturnsNullOperatorMutator;35175
EditEntryActivity_36_InvalidIDFindViewOperatorMutator;36175
EditEntryActivity_37_InvalidViewFocusOperatorMutator;37175
EditEntryActivity_38_ViewComponentNotVisibleOperatorMutator;38175
EditEntryActivity_39_FindViewByIdReturnsNullOperatorMutator;39175
EditEntryActivity_40_InvalidIDFindViewOperatorMutator;40175
EditEntryActivity_41_InvalidViewFocusOperatorMutator;41175
EditEntryActivity_42_ViewComponentNotVisibleOperatorMutator;42175
EditEntryActivity_43_FindViewByIdReturnsNullOperatorMutator;43175
EditEntryActivity_44_InvalidIDFindViewOperatorMutator;44175
EditEntryActivity_45_InvalidViewFocusOperatorMutator;45175
EditEntryActivity_46_ViewComponentNotVisibleOperatorMutator;46175
EditEntryActivity_47_FindViewByIdReturnsNullOperatorMutator;47175
EditEntryActivity_48_InvalidIDFindViewOperatorMutator;48175
EditEntryActivity_49_InvalidViewFocusOperatorMutator;49175
EditEntryActivity_50_ViewComponentNotVisibleOperatorMutator;50175
EditEntryActivity_51_FindViewByIdReturnsNullOperatorMutator;51175
EditEntryActivity_52_InvalidIDFindViewOperatorMutator;52175
EditEntryActivity_53_InvalidViewFocusOperatorMutator;53175
EditEntryActivity_54_ViewComponentNotVisibleOperatorMutator;54175
EditEntryActivity_55_FindViewByIdReturnsNullOperatorMutator;55175
EditEntryActivity_56_InvalidIDFindViewOperatorMutator;56175
EditEntryActivity_57_InvalidViewFocusOperatorMutator;57175
EditEntryActivity_58_ViewComponentNotVisibleOperatorMutator;58175
EditEntryActivity_59_FindViewByIdReturnsNullOperatorMutator;59175
EditEntryActivity_60_InvalidIDFindViewOperatorMutator;60175
EditEntryActivity_61_InvalidViewFocusOperatorMutator;61175
EditEntryActivity_62_ViewComponentNotVisibleOperatorMutator;62175
EditEntryActivity_63_FindViewByIdReturnsNullOperatorMutator;63175
EditEntryActivity_64_InvalidIDFindViewOperatorMutator;64175
EditEntryActivity_65_InvalidViewFocusOperatorMutator;65175
EditEntryActivity_66_ViewComponentNotVisibleOperatorMutator;66175
EditEntryActivity_67_FindViewByIdReturnsNullOperatorMutator;67175
EditEntryActivity_68_InvalidIDFindViewOperatorMutator;68175
EditEntryActivity_69_InvalidViewFocusOperatorMutator;69175
EditEntryActivity_70_ViewComponentNotVisibleOperatorMutator;70175
EditEntryActivity_71_FindViewByIdReturnsNullOperatorMutator;71175
EditEntryActivity_72_InvalidIDFindViewOperatorMutator;72175
EditEntryActivity_73_InvalidViewFocusOperatorMutator;73175
EditEntryActivity_74_ViewComponentNotVisibleOperatorMutator;74175
EditEntryActivity_75_FindViewByIdReturnsNullOperatorMutator;75175
EditEntryActivity_76_InvalidIDFindViewOperatorMutator;76175
EditEntryActivity_77_InvalidViewFocusOperatorMutator;77175
EditEntryActivity_78_ViewComponentNotVisibleOperatorMutator;78175
EditEntryActivity_79_FindViewByIdReturnsNullOperatorMutator;79175
EditEntryActivity_80_InvalidIDFindViewOperatorMutator;80175
EditEntryActivity_81_InvalidViewFocusOperatorMutator;81175
EditEntryActivity_82_ViewComponentNotVisibleOperatorMutator;82175
EditEntryActivity_83_FindViewByIdReturnsNullOperatorMutator;83175
EditEntryActivity_84_InvalidIDFindViewOperatorMutator;84175
EditEntryActivity_85_InvalidViewFocusOperatorMutator;85175
EditEntryActivity_86_ViewComponentNotVisibleOperatorMutator;86175
EditEntryActivity_87_FindViewByIdReturnsNullOperatorMutator;87175
EditEntryActivity_88_InvalidIDFindViewOperatorMutator;88175
EditEntryActivity_89_InvalidViewFocusOperatorMutator;89175
EditEntryActivity_90_ViewComponentNotVisibleOperatorMutator;90175
EditEntryActivity_91_FindViewByIdReturnsNullOperatorMutator;91175
EditEntryActivity_92_InvalidIDFindViewOperatorMutator;92175
EditEntryActivity_93_InvalidViewFocusOperatorMutator;93175
EditEntryActivity_94_ViewComponentNotVisibleOperatorMutator;94175
EditEntryActivity_95_BuggyGUIListenerOperatorMutator;95175
EditEntryActivity_96_FindViewByIdReturnsNullOperatorMutator;96175
EditEntryActivity_97_InvalidIDFindViewOperatorMutator;97175
EditEntryActivity_98_InvalidViewFocusOperatorMutator;98175
EditEntryActivity_99_ViewComponentNotVisibleOperatorMutator;99175
EditEntryActivity_100_BuggyGUIListenerOperatorMutator;100175
EditEntryActivity_101_BinaryMutator;101175
EditEntryActivity_102_BinaryMutator;102175
EditEntryActivity_103_BuggyGUIListenerOperatorMutator;103175
EditEntryActivity_104_BuggyGUIListenerOperatorMutator;104175
EditEntryActivity_105_BuggyGUIListenerOperatorMutator;105175
EditEntryActivity_106_BuggyGUIListenerOperatorMutator;106175
EditEntryActivity_107_NullIntentOperatorMutator;107175
EditEntryActivity_108_InvalidKeyIntentOperatorMutator;108175
EditEntryActivity_109_RandomActionIntentDefinitionOperatorMutator;109175
EditEntryActivity_110_RandomActionIntentDefinitionOperatorMutator;110175
EditEntryActivity_111_NullIntentOperatorMutator;111175
EditEntryActivity_112_InvalidKeyIntentOperatorMutator;112175
EditEntryActivity_113_RandomActionIntentDefinitionOperatorMutator;113175
EditEntryActivity_114_RandomActionIntentDefinitionOperatorMutator;114175
EditEntryActivity_115_RandomActionIntentDefinitionOperatorMutator;115175
EditEntryActivity_116_NullValueIntentPutExtraOperatorMutator;116175
EditEntryActivity_117_IntentPayloadReplacementOperatorMutator;117175
EditEntryActivity_118_RandomActionIntentDefinitionOperatorMutator;118175
EditEntryActivity_119_BuggyGUIListenerOperatorMutator;119175
EditEntryActivity_120_NullIntentOperatorMutator;120175
EditEntryActivity_121_RandomActionIntentDefinitionOperatorMutator;121175
EditEntryActivity_122_NullValueIntentPutExtraOperatorMutator;122175
EditEntryActivity_123_IntentPayloadReplacementOperatorMutator;123175
EditEntryActivity_124_RandomActionIntentDefinitionOperatorMutator;124175
EditEntryActivity_125_NullValueIntentPutExtraOperatorMutator;125175
EditEntryActivity_126_IntentPayloadReplacementOperatorMutator;126175
EditEntryActivity_127_RandomActionIntentDefinitionOperatorMutator;127175
AegisActivity_0_LengthyGUICreationOperatorMutator;176
AegisActivity_1_NullIntentOperatorMutator;1176
AegisActivity_2_InvalidKeyIntentOperatorMutator;2176
AegisActivity_3_RandomActionIntentDefinitionOperatorMutator;3176
AegisActivity_4_RandomActionIntentDefinitionOperatorMutator;4176
IntroActivity_0_LengthyGUICreationOperatorMutator;177
IntroActivity_1_InvalidIDFindViewOperatorMutator;1177
PassReminderFreq_0_BinaryMutator;179
AegisBackupAgent_0_LengthyGUICreationOperatorMutator;184
Preferences_0_BinaryMutator;185
AegisApplicationBase_0_LengthyGUICreationOperatorMutator;187
AegisApplicationBase_1_RandomActionIntentDefinitionOperatorMutator;1187
AegisApplicationBase_2_NullIntentOperatorMutator;2187
AegisApplicationBase_3_InvalidKeyIntentOperatorMutator;3187
AegisApplicationBase_4_RandomActionIntentDefinitionOperatorMutator;4187
AegisApplicationBase_5_NullValueIntentPutExtraOperatorMutator;5187
AegisApplicationBase_6_IntentPayloadReplacementOperatorMutator;6187
AegisApplicationBase_7_RandomActionIntentDefinitionOperatorMutator;7187
AegisApplicationBase_8_RandomActionIntentDefinitionOperatorMutator;8187
AegisApplicationBase_9_RandomActionIntentDefinitionOperatorMutator;9187
