ORIGINAL_PROGRAM;-1
PackageReceiver_0_RandomActionIntentDefinitionOperatorMutator;0
PackageReceiver_1_RandomActionIntentDefinitionOperatorMutator;1000
FtpTileService_0_RandomActionIntentDefinitionOperatorMutator;1
FtpTileService_1_NullValueIntentPutExtraOperatorMutator;1001
FtpTileService_2_IntentPayloadReplacementOperatorMutator;2001
FtpTileService_3_RandomActionIntentDefinitionOperatorMutator;3001
ExtractService_0_LengthyGUICreationOperatorMutator;2
ExtractService_1_RandomActionIntentDefinitionOperatorMutator;1002
ExtractService_2_NullIntentOperatorMutator;2002
ExtractService_3_InvalidKeyIntentOperatorMutator;3002
ExtractService_4_RandomActionIntentDefinitionOperatorMutator;4002
ExtractService_5_RandomActionIntentDefinitionOperatorMutator;5002
ExtractService_6_NullValueIntentPutExtraOperatorMutator;6002
ExtractService_7_IntentPayloadReplacementOperatorMutator;7002
ExtractService_8_RandomActionIntentDefinitionOperatorMutator;8002
ExtractService_9_NullIntentOperatorMutator;9002
ExtractService_10_InvalidKeyIntentOperatorMutator;10002
ExtractService_11_RandomActionIntentDefinitionOperatorMutator;11002
ExtractService_12_InvalidViewFocusOperatorMutator;12002
ExtractService_13_ViewComponentNotVisibleOperatorMutator;13002
ExtractService_14_NullIntentOperatorMutator;14002
ExtractService_15_InvalidKeyIntentOperatorMutator;15002
ExtractService_16_RandomActionIntentDefinitionOperatorMutator;16002
ExtractService_17_NullValueIntentPutExtraOperatorMutator;17002
ExtractService_18_IntentPayloadReplacementOperatorMutator;18002
ExtractService_19_RandomActionIntentDefinitionOperatorMutator;19002
AbstractProgressiveService_0_LengthyGUICreationOperatorMutator;3
AbstractProgressiveService_1_BinaryMutator;1003
AbstractProgressiveService_2_BinaryMutator;2003
AbstractProgressiveService_3_NullIntentOperatorMutator;3003
AbstractProgressiveService_4_InvalidKeyIntentOperatorMutator;4003
AbstractProgressiveService_5_RandomActionIntentDefinitionOperatorMutator;5003
AbstractProgressiveService_6_NullValueIntentPutExtraOperatorMutator;6003
AbstractProgressiveService_7_IntentPayloadReplacementOperatorMutator;7003
AbstractProgressiveService_8_RandomActionIntentDefinitionOperatorMutator;8003
AbstractProgressiveService_9_NullValueIntentPutExtraOperatorMutator;9003
AbstractProgressiveService_10_IntentPayloadReplacementOperatorMutator;10003
AbstractProgressiveService_11_RandomActionIntentDefinitionOperatorMutator;11003
AbstractProgressiveService_12_NullIntentOperatorMutator;12003
AbstractProgressiveService_13_InvalidKeyIntentOperatorMutator;13003
AbstractProgressiveService_14_RandomActionIntentDefinitionOperatorMutator;14003
AbstractProgressiveService_15_NullValueIntentPutExtraOperatorMutator;15003
AbstractProgressiveService_16_IntentPayloadReplacementOperatorMutator;16003
AbstractProgressiveService_17_RandomActionIntentDefinitionOperatorMutator;17003
CopyService_0_LengthyGUICreationOperatorMutator;4
CopyService_1_RandomActionIntentDefinitionOperatorMutator;1004
CopyService_2_NullIntentOperatorMutator;2004
CopyService_3_InvalidKeyIntentOperatorMutator;3004
CopyService_4_RandomActionIntentDefinitionOperatorMutator;4004
CopyService_5_RandomActionIntentDefinitionOperatorMutator;5004
CopyService_6_RandomActionIntentDefinitionOperatorMutator;6004
CopyService_7_NullValueIntentPutExtraOperatorMutator;7004
CopyService_8_IntentPayloadReplacementOperatorMutator;8004
CopyService_9_RandomActionIntentDefinitionOperatorMutator;9004
CopyService_10_NullIntentOperatorMutator;10004
CopyService_11_InvalidKeyIntentOperatorMutator;11004
CopyService_12_RandomActionIntentDefinitionOperatorMutator;12004
CopyService_13_NullIntentOperatorMutator;13004
CopyService_14_InvalidKeyIntentOperatorMutator;14004
CopyService_15_RandomActionIntentDefinitionOperatorMutator;15004
CopyService_16_NullValueIntentPutExtraOperatorMutator;16004
CopyService_17_IntentPayloadReplacementOperatorMutator;17004
CopyService_18_RandomActionIntentDefinitionOperatorMutator;18004
EncryptService_0_LengthyGUICreationOperatorMutator;5
EncryptService_1_RandomActionIntentDefinitionOperatorMutator;1005
EncryptService_2_NullIntentOperatorMutator;2005
EncryptService_3_InvalidKeyIntentOperatorMutator;3005
EncryptService_4_RandomActionIntentDefinitionOperatorMutator;4005
EncryptService_5_RandomActionIntentDefinitionOperatorMutator;5005
EncryptService_6_RandomActionIntentDefinitionOperatorMutator;6005
EncryptService_7_NullValueIntentPutExtraOperatorMutator;7005
EncryptService_8_IntentPayloadReplacementOperatorMutator;8005
EncryptService_9_RandomActionIntentDefinitionOperatorMutator;9005
EncryptService_10_NullIntentOperatorMutator;10005
EncryptService_11_InvalidKeyIntentOperatorMutator;11005
EncryptService_12_RandomActionIntentDefinitionOperatorMutator;12005
EncryptService_13_NullIntentOperatorMutator;13005
EncryptService_14_InvalidKeyIntentOperatorMutator;14005
EncryptService_15_RandomActionIntentDefinitionOperatorMutator;15005
EncryptService_16_NullValueIntentPutExtraOperatorMutator;16005
EncryptService_17_IntentPayloadReplacementOperatorMutator;17005
EncryptService_18_RandomActionIntentDefinitionOperatorMutator;18005
DecryptService_0_LengthyGUICreationOperatorMutator;6
DecryptService_1_RandomActionIntentDefinitionOperatorMutator;1006
DecryptService_2_NullIntentOperatorMutator;2006
DecryptService_3_InvalidKeyIntentOperatorMutator;3006
DecryptService_4_RandomActionIntentDefinitionOperatorMutator;4006
DecryptService_5_RandomActionIntentDefinitionOperatorMutator;5006
DecryptService_6_RandomActionIntentDefinitionOperatorMutator;6006
DecryptService_7_NullValueIntentPutExtraOperatorMutator;7006
DecryptService_8_IntentPayloadReplacementOperatorMutator;8006
DecryptService_9_RandomActionIntentDefinitionOperatorMutator;9006
DecryptService_10_NullIntentOperatorMutator;10006
DecryptService_11_InvalidKeyIntentOperatorMutator;11006
DecryptService_12_RandomActionIntentDefinitionOperatorMutator;12006
DecryptService_13_NullIntentOperatorMutator;13006
DecryptService_14_InvalidKeyIntentOperatorMutator;14006
DecryptService_15_RandomActionIntentDefinitionOperatorMutator;15006
DecryptService_16_NullValueIntentPutExtraOperatorMutator;16006
DecryptService_17_IntentPayloadReplacementOperatorMutator;17006
DecryptService_18_RandomActionIntentDefinitionOperatorMutator;18006
CalculateHashCallback_0_BinaryMutator;9
LoadFolderSpaceDataTask_0_BinaryMutator;12
LoadFolderSpaceDataTask_1_BinaryMutator;1012
DeleteTask_0_NullIntentOperatorMutator;15
DeleteTask_1_InvalidKeyIntentOperatorMutator;1015
DeleteTask_2_RandomActionIntentDefinitionOperatorMutator;2015
DeleteTask_3_NullValueIntentPutExtraOperatorMutator;3015
DeleteTask_4_IntentPayloadReplacementOperatorMutator;4015
DeleteTask_5_RandomActionIntentDefinitionOperatorMutator;5015
LoadFilesListTask_0_BuggyGUIListenerOperatorMutator;16
LoadFilesListTask_1_BinaryMutator;1016
LoadFilesListTask_2_BinaryMutator;2016
LoadFilesListTask_3_BinaryMutator;3016
LoadFilesListTask_4_BinaryMutator;4016
LoadFilesListTask_5_RandomActionIntentDefinitionOperatorMutator;5016
ServiceWatcherUtil_0_RandomActionIntentDefinitionOperatorMutator;19
ServiceWatcherUtil_1_RandomActionIntentDefinitionOperatorMutator;1019
ErrorActivity_0_BinaryMutator;22
ErrorActivity_1_BuggyGUIListenerOperatorMutator;1022
ErrorActivity_2_NullIntentOperatorMutator;2022
ErrorActivity_3_InvalidKeyIntentOperatorMutator;3022
ErrorActivity_4_RandomActionIntentDefinitionOperatorMutator;4022
ErrorActivity_5_NullValueIntentPutExtraOperatorMutator;5022
ErrorActivity_6_IntentPayloadReplacementOperatorMutator;6022
ErrorActivity_7_RandomActionIntentDefinitionOperatorMutator;7022
ErrorActivity_8_NullValueIntentPutExtraOperatorMutator;8022
ErrorActivity_9_IntentPayloadReplacementOperatorMutator;9022
ErrorActivity_10_RandomActionIntentDefinitionOperatorMutator;10022
ErrorActivity_11_RandomActionIntentDefinitionOperatorMutator;11022
ErrorActivity_12_NullIntentOperatorMutator;12022
ErrorActivity_13_InvalidKeyIntentOperatorMutator;13022
ErrorActivity_14_RandomActionIntentDefinitionOperatorMutator;14022
ErrorActivity_15_NullValueIntentPutExtraOperatorMutator;15022
ErrorActivity_16_IntentPayloadReplacementOperatorMutator;16022
ErrorActivity_17_RandomActionIntentDefinitionOperatorMutator;17022
ErrorActivity_18_NullValueIntentPutExtraOperatorMutator;18022
ErrorActivity_19_IntentPayloadReplacementOperatorMutator;19022
ErrorActivity_20_RandomActionIntentDefinitionOperatorMutator;20022
ErrorActivity_21_RandomActionIntentDefinitionOperatorMutator;21022
ErrorActivity_22_LengthyGUICreationOperatorMutator;22022
ErrorActivity_23_FindViewByIdReturnsNullOperatorMutator;23022
ErrorActivity_24_InvalidIDFindViewOperatorMutator;24022
ErrorActivity_25_InvalidViewFocusOperatorMutator;25022
ErrorActivity_26_ViewComponentNotVisibleOperatorMutator;26022
ErrorActivity_27_RandomActionIntentDefinitionOperatorMutator;27022
ErrorActivity_28_FindViewByIdReturnsNullOperatorMutator;28022
ErrorActivity_29_InvalidIDFindViewOperatorMutator;29022
ErrorActivity_30_InvalidViewFocusOperatorMutator;30022
ErrorActivity_31_ViewComponentNotVisibleOperatorMutator;31022
ErrorActivity_32_FindViewByIdReturnsNullOperatorMutator;32022
ErrorActivity_33_InvalidIDFindViewOperatorMutator;33022
ErrorActivity_34_InvalidViewFocusOperatorMutator;34022
ErrorActivity_35_ViewComponentNotVisibleOperatorMutator;35022
ErrorActivity_36_FindViewByIdReturnsNullOperatorMutator;36022
ErrorActivity_37_InvalidIDFindViewOperatorMutator;37022
ErrorActivity_38_InvalidViewFocusOperatorMutator;38022
ErrorActivity_39_ViewComponentNotVisibleOperatorMutator;39022
ErrorActivity_40_FindViewByIdReturnsNullOperatorMutator;40022
ErrorActivity_41_InvalidIDFindViewOperatorMutator;41022
ErrorActivity_42_InvalidViewFocusOperatorMutator;42022
ErrorActivity_43_ViewComponentNotVisibleOperatorMutator;43022
ErrorActivity_44_FindViewByIdReturnsNullOperatorMutator;44022
ErrorActivity_45_InvalidIDFindViewOperatorMutator;45022
ErrorActivity_46_InvalidViewFocusOperatorMutator;46022
ErrorActivity_47_ViewComponentNotVisibleOperatorMutator;47022
ErrorActivity_48_FindViewByIdReturnsNullOperatorMutator;48022
ErrorActivity_49_InvalidIDFindViewOperatorMutator;49022
ErrorActivity_50_InvalidViewFocusOperatorMutator;50022
ErrorActivity_51_ViewComponentNotVisibleOperatorMutator;51022
ErrorActivity_52_FindViewByIdReturnsNullOperatorMutator;52022
ErrorActivity_53_InvalidIDFindViewOperatorMutator;53022
ErrorActivity_54_InvalidViewFocusOperatorMutator;54022
ErrorActivity_55_ViewComponentNotVisibleOperatorMutator;55022
ErrorActivity_56_BuggyGUIListenerOperatorMutator;56022
ErrorActivity_57_BuggyGUIListenerOperatorMutator;57022
ErrorActivity_58_BuggyGUIListenerOperatorMutator;58022
ErrorActivity_59_BuggyGUIListenerOperatorMutator;59022
ErrorActivity_60_InvalidIDFindViewOperatorMutator;60022
ErrorActivity_61_InvalidIDFindViewOperatorMutator;61022
ErrorActivity_62_NullIntentOperatorMutator;62022
ErrorActivity_63_RandomActionIntentDefinitionOperatorMutator;63022
ErrorActivity_64_RandomActionIntentDefinitionOperatorMutator;64022
ErrorActivity_65_NullValueIntentPutExtraOperatorMutator;65022
ErrorActivity_66_IntentPayloadReplacementOperatorMutator;66022
ErrorActivity_67_RandomActionIntentDefinitionOperatorMutator;67022
ErrorActivity_68_RandomActionIntentDefinitionOperatorMutator;68022
ErrorActivity_69_RandomActionIntentDefinitionOperatorMutator;69022
ErrorActivity_70_NullIntentOperatorMutator;70022
ErrorActivity_71_InvalidKeyIntentOperatorMutator;71022
ErrorActivity_72_RandomActionIntentDefinitionOperatorMutator;72022
ErrorActivity_73_FindViewByIdReturnsNullOperatorMutator;73022
ErrorActivity_74_InvalidIDFindViewOperatorMutator;74022
ErrorActivity_75_InvalidViewFocusOperatorMutator;75022
ErrorActivity_76_ViewComponentNotVisibleOperatorMutator;76022
ErrorActivity_77_FindViewByIdReturnsNullOperatorMutator;77022
ErrorActivity_78_InvalidIDFindViewOperatorMutator;78022
ErrorActivity_79_InvalidViewFocusOperatorMutator;79022
ErrorActivity_80_ViewComponentNotVisibleOperatorMutator;80022
ErrorActivity_81_BinaryMutator;81022
ErrorActivity_82_FindViewByIdReturnsNullOperatorMutator;82022
ErrorActivity_83_InvalidIDFindViewOperatorMutator;83022
ErrorActivity_84_InvalidViewFocusOperatorMutator;84022
ErrorActivity_85_ViewComponentNotVisibleOperatorMutator;85022
ProgressHandler_0_BinaryMutator;24
ProgressHandler_1_BinaryMutator;1024
ProgressHandler_2_BinaryMutator;2024
Utils_0_BinaryMutator;26
Utils_1_BinaryMutator;1026
Utils_2_BinaryMutator;2026
Utils_3_BuggyGUIListenerOperatorMutator;3026
Utils_4_InvalidViewFocusOperatorMutator;4026
Utils_5_ViewComponentNotVisibleOperatorMutator;5026
Utils_6_InvalidViewFocusOperatorMutator;6026
Utils_7_ViewComponentNotVisibleOperatorMutator;7026
Utils_8_InvalidViewFocusOperatorMutator;8026
Utils_9_ViewComponentNotVisibleOperatorMutator;9026
Utils_10_BuggyGUIListenerOperatorMutator;10026
Utils_11_BuggyGUIListenerOperatorMutator;11026
Utils_12_NullIntentOperatorMutator;12026
Utils_13_InvalidKeyIntentOperatorMutator;13026
Utils_14_RandomActionIntentDefinitionOperatorMutator;14026
Utils_15_RandomActionIntentDefinitionOperatorMutator;15026
Utils_16_NullIntentOperatorMutator;16026
Utils_17_InvalidKeyIntentOperatorMutator;17026
Utils_18_RandomActionIntentDefinitionOperatorMutator;18026
Utils_19_NullValueIntentPutExtraOperatorMutator;19026
Utils_20_IntentPayloadReplacementOperatorMutator;20026
Utils_21_RandomActionIntentDefinitionOperatorMutator;21026
Utils_22_NullValueIntentPutExtraOperatorMutator;22026
Utils_23_IntentPayloadReplacementOperatorMutator;23026
Utils_24_RandomActionIntentDefinitionOperatorMutator;24026
Utils_25_NullValueIntentPutExtraOperatorMutator;25026
Utils_26_IntentPayloadReplacementOperatorMutator;26026
Utils_27_RandomActionIntentDefinitionOperatorMutator;27026
Utils_28_NullValueIntentPutExtraOperatorMutator;28026
Utils_29_IntentPayloadReplacementOperatorMutator;29026
Utils_30_RandomActionIntentDefinitionOperatorMutator;30026
Utils_31_NullValueIntentPutExtraOperatorMutator;31026
Utils_32_IntentPayloadReplacementOperatorMutator;32026
Utils_33_RandomActionIntentDefinitionOperatorMutator;33026
Utils_34_RandomActionIntentDefinitionOperatorMutator;34026
Utils_35_NullIntentOperatorMutator;35026
Utils_36_InvalidKeyIntentOperatorMutator;36026
Utils_37_RandomActionIntentDefinitionOperatorMutator;37026
Utils_38_NullValueIntentPutExtraOperatorMutator;38026
Utils_39_IntentPayloadReplacementOperatorMutator;39026
Utils_40_RandomActionIntentDefinitionOperatorMutator;40026
Utils_41_RandomActionIntentDefinitionOperatorMutator;41026
Utils_42_RandomActionIntentDefinitionOperatorMutator;42026
MainActivityHelper_0_InvalidViewFocusOperatorMutator;30
MainActivityHelper_1_ViewComponentNotVisibleOperatorMutator;1030
MainActivityHelper_2_InvalidViewFocusOperatorMutator;2030
MainActivityHelper_3_ViewComponentNotVisibleOperatorMutator;3030
MainActivityHelper_4_InvalidViewFocusOperatorMutator;4030
MainActivityHelper_5_ViewComponentNotVisibleOperatorMutator;5030
MainActivityHelper_6_InvalidViewFocusOperatorMutator;6030
MainActivityHelper_7_ViewComponentNotVisibleOperatorMutator;7030
MainActivityHelper_8_NullIntentOperatorMutator;8030
MainActivityHelper_9_InvalidKeyIntentOperatorMutator;9030
MainActivityHelper_10_RandomActionIntentDefinitionOperatorMutator;10030
MainActivityHelper_11_InvalidKeyIntentOperatorMutator;11030
MainActivityHelper_12_RandomActionIntentDefinitionOperatorMutator;12030
MainActivityHelper_13_NullValueIntentPutExtraOperatorMutator;13030
MainActivityHelper_14_IntentPayloadReplacementOperatorMutator;14030
MainActivityHelper_15_RandomActionIntentDefinitionOperatorMutator;15030
MainActivityHelper_16_NullIntentOperatorMutator;16030
MainActivityHelper_17_InvalidKeyIntentOperatorMutator;17030
MainActivityHelper_18_RandomActionIntentDefinitionOperatorMutator;18030
MainActivityHelper_19_NullValueIntentPutExtraOperatorMutator;19030
MainActivityHelper_20_IntentPayloadReplacementOperatorMutator;20030
MainActivityHelper_21_RandomActionIntentDefinitionOperatorMutator;21030
MainActivityHelper_22_NullValueIntentPutExtraOperatorMutator;22030
MainActivityHelper_23_IntentPayloadReplacementOperatorMutator;23030
MainActivityHelper_24_RandomActionIntentDefinitionOperatorMutator;24030
MainActivityHelper_25_BinaryMutator;25030
MainActivityHelper_26_BinaryMutator;26030
MainActivityHelper_27_BinaryMutator;27030
MainActivityHelper_28_BinaryMutator;28030
MainActivityHelper_29_BinaryMutator;29030
CompressedHelper_0_BinaryMutator;34
FileUtils_0_BinaryMutator;37
FileUtils_1_BinaryMutator;1037
FileUtils_2_NullIntentOperatorMutator;2037
FileUtils_3_InvalidKeyIntentOperatorMutator;3037
FileUtils_4_RandomActionIntentDefinitionOperatorMutator;4037
FileUtils_5_RandomActionIntentDefinitionOperatorMutator;5037
FileUtils_6_RandomActionIntentDefinitionOperatorMutator;6037
FileUtils_7_RandomActionIntentDefinitionOperatorMutator;7037
FileUtils_8_RandomActionIntentDefinitionOperatorMutator;8037
FileUtils_9_NullIntentOperatorMutator;9037
FileUtils_10_RandomActionIntentDefinitionOperatorMutator;10037
FileUtils_11_RandomActionIntentDefinitionOperatorMutator;11037
FileUtils_12_RandomActionIntentDefinitionOperatorMutator;12037
FileUtils_13_RandomActionIntentDefinitionOperatorMutator;13037
FileUtils_14_RandomActionIntentDefinitionOperatorMutator;14037
FileUtils_15_RandomActionIntentDefinitionOperatorMutator;15037
FileUtils_16_RandomActionIntentDefinitionOperatorMutator;16037
FileUtils_17_InvalidKeyIntentOperatorMutator;17037
FileUtils_18_RandomActionIntentDefinitionOperatorMutator;18037
FileUtils_19_RandomActionIntentDefinitionOperatorMutator;19037
FileUtils_20_RandomActionIntentDefinitionOperatorMutator;20037
FileUtils_21_RandomActionIntentDefinitionOperatorMutator;21037
FileUtils_22_NullValueIntentPutExtraOperatorMutator;22037
FileUtils_23_IntentPayloadReplacementOperatorMutator;23037
FileUtils_24_RandomActionIntentDefinitionOperatorMutator;24037
FileUtils_25_BinaryMutator;25037
FileUtils_26_BinaryMutator;26037
FileUtils_27_BinaryMutator;27037
FileUtils_28_NullIntentOperatorMutator;28037
FileUtils_29_InvalidKeyIntentOperatorMutator;29037
FileUtils_30_RandomActionIntentDefinitionOperatorMutator;30037
FileUtils_31_RandomActionIntentDefinitionOperatorMutator;31037
FileUtils_32_NullValueIntentPutExtraOperatorMutator;32037
FileUtils_33_IntentPayloadReplacementOperatorMutator;33037
FileUtils_34_RandomActionIntentDefinitionOperatorMutator;34037
FileUtils_35_NullIntentOperatorMutator;35037
FileUtils_36_InvalidKeyIntentOperatorMutator;36037
FileUtils_37_RandomActionIntentDefinitionOperatorMutator;37037
FileUtils_38_RandomActionIntentDefinitionOperatorMutator;38037
FileUtils_39_InvalidKeyIntentOperatorMutator;39037
FileUtils_40_RandomActionIntentDefinitionOperatorMutator;40037
FileUtils_41_RandomActionIntentDefinitionOperatorMutator;41037
FileUtils_42_BinaryMutator;42037
FileUtils_43_BinaryMutator;43037
FileUtils_44_BinaryMutator;44037
FileUtils_45_BinaryMutator;45037
FileUtils_46_BinaryMutator;46037
FileUtils_47_BinaryMutator;47037
FileUtils_48_NullIntentOperatorMutator;48037
FileUtils_49_InvalidKeyIntentOperatorMutator;49037
FileUtils_50_RandomActionIntentDefinitionOperatorMutator;50037
FileUtils_51_RandomActionIntentDefinitionOperatorMutator;51037
EncryptDecryptUtils_0_BinaryMutator;38
EncryptDecryptUtils_1_NullIntentOperatorMutator;1038
EncryptDecryptUtils_2_InvalidKeyIntentOperatorMutator;2038
EncryptDecryptUtils_3_RandomActionIntentDefinitionOperatorMutator;3038
EncryptDecryptUtils_4_NullValueIntentPutExtraOperatorMutator;4038
EncryptDecryptUtils_5_IntentPayloadReplacementOperatorMutator;5038
EncryptDecryptUtils_6_RandomActionIntentDefinitionOperatorMutator;6038
EncryptDecryptUtils_7_NullValueIntentPutExtraOperatorMutator;7038
EncryptDecryptUtils_8_IntentPayloadReplacementOperatorMutator;8038
EncryptDecryptUtils_9_RandomActionIntentDefinitionOperatorMutator;9038
EncryptDecryptUtils_10_NullValueIntentPutExtraOperatorMutator;10038
EncryptDecryptUtils_11_IntentPayloadReplacementOperatorMutator;11038
EncryptDecryptUtils_12_RandomActionIntentDefinitionOperatorMutator;12038
EncryptDecryptUtils_13_InvalidViewFocusOperatorMutator;13038
EncryptDecryptUtils_14_ViewComponentNotVisibleOperatorMutator;14038
EncryptDecryptUtils_15_NullValueIntentPutExtraOperatorMutator;15038
EncryptDecryptUtils_16_IntentPayloadReplacementOperatorMutator;16038
EncryptDecryptUtils_17_RandomActionIntentDefinitionOperatorMutator;17038
Statvfs_0_BinaryMutator;39
Statvfs_1_BinaryMutator;1039
Statvfs_2_BinaryMutator;2039
CloudUtil_0_BinaryMutator;40
CloudUtil_1_InvalidKeyIntentOperatorMutator;1040
CloudUtil_2_RandomActionIntentDefinitionOperatorMutator;2040
CloudUtil_3_RandomActionIntentDefinitionOperatorMutator;3040
Operations_0_BinaryMutator;41
Operations_1_BinaryMutator;1041
FileUtil_0_BinaryMutator;42
HybridFileParcelable_0_BinaryMutator;43
HybridFileParcelable_1_BinaryMutator;1043
HybridFileParcelable_2_BinaryMutator;2043
HybridFileParcelable_3_BinaryMutator;3043
HybridFileParcelable_4_BinaryMutator;4043
HybridFileParcelable_5_BinaryMutator;5043
HybridFileParcelable_6_BinaryMutator;6043
HybridFileParcelable_7_BinaryMutator;7043
HybridFileParcelable_8_BinaryMutator;8043
CustomFileObserver_0_BinaryMutator;44
CustomFileObserver_1_BinaryMutator;1044
HybridFile_0_BinaryMutator;46
HybridFile_1_BinaryMutator;1046
HybridFile_2_BinaryMutator;2046
HybridFile_3_BinaryMutator;3046
HybridFile_4_BinaryMutator;4046
HybridFile_5_BinaryMutator;5046
HybridFile_6_BinaryMutator;6046
HybridFile_7_BinaryMutator;7046
ApkImageModelLoader_0_BinaryMutator;52
CompressedObjectParcelable_0_BinaryMutator;58
CompressedObjectParcelable_1_BinaryMutator;1058
CompressedObjectParcelable_2_BinaryMutator;2058
CompressedObjectParcelable_3_BinaryMutator;3058
CompressedObjectParcelable_4_BinaryMutator;4058
CompressedObjectParcelable_5_BinaryMutator;5058
CompressedObjectParcelable_6_BinaryMutator;6058
CompressedObjectParcelable_7_BinaryMutator;7058
CompressedObjectParcelable_8_BinaryMutator;8058
RecyclerAdapter_0_BinaryMutator;61
RecyclerAdapter_1_BinaryMutator;1061
RecyclerAdapter_2_BinaryMutator;2061
RecyclerAdapter_3_BinaryMutator;3061
RecyclerAdapter_4_BinaryMutator;4061
RecyclerAdapter_5_BuggyGUIListenerOperatorMutator;5061
RecyclerAdapter_6_BuggyGUIListenerOperatorMutator;6061
RecyclerAdapter_7_BuggyGUIListenerOperatorMutator;7061
RecyclerAdapter_8_BuggyGUIListenerOperatorMutator;8061
RecyclerAdapter_9_BuggyGUIListenerOperatorMutator;9061
RecyclerAdapter_10_BuggyGUIListenerOperatorMutator;10061
RecyclerAdapter_11_BuggyGUIListenerOperatorMutator;11061
RecyclerAdapter_12_InvalidViewFocusOperatorMutator;12061
RecyclerAdapter_13_ViewComponentNotVisibleOperatorMutator;13061
RecyclerAdapter_14_InvalidViewFocusOperatorMutator;14061
RecyclerAdapter_15_ViewComponentNotVisibleOperatorMutator;15061
RecyclerAdapter_16_InvalidViewFocusOperatorMutator;16061
RecyclerAdapter_17_ViewComponentNotVisibleOperatorMutator;17061
CompressedExplorerAdapter_0_BinaryMutator;62
CompressedExplorerAdapter_1_InvalidViewFocusOperatorMutator;1062
CompressedExplorerAdapter_2_ViewComponentNotVisibleOperatorMutator;2062
CompressedExplorerAdapter_3_BinaryMutator;3062
CompressedExplorerAdapter_4_BuggyGUIListenerOperatorMutator;4062
CompressedExplorerAdapter_5_BuggyGUIListenerOperatorMutator;5062
CompressedExplorerAdapter_6_BinaryMutator;6062
OperationDataWithName_0_BinaryMutator;68
OperationDataWithName_1_BinaryMutator;1068
SftpEntry_0_BinaryMutator;70
SftpEntry_1_BinaryMutator;1070
SftpEntry_2_BinaryMutator;2070
SftpEntry_3_BinaryMutator;3070
OperationData_0_BinaryMutator;75
OperationData_1_BinaryMutator;1075
ShareAdapter_0_InvalidViewFocusOperatorMutator;94
ShareAdapter_1_ViewComponentNotVisibleOperatorMutator;1094
ShareAdapter_2_InvalidViewFocusOperatorMutator;2094
ShareAdapter_3_ViewComponentNotVisibleOperatorMutator;3094
ShareAdapter_4_BuggyGUIListenerOperatorMutator;4094
ColorPickerDialog_0_InvalidViewFocusOperatorMutator;95
ColorPickerDialog_1_ViewComponentNotVisibleOperatorMutator;1095
ColorPickerDialog_2_InvalidViewFocusOperatorMutator;2095
ColorPickerDialog_3_ViewComponentNotVisibleOperatorMutator;3095
ColorPickerDialog_4_InvalidViewFocusOperatorMutator;4095
ColorPickerDialog_5_ViewComponentNotVisibleOperatorMutator;5095
ColorPickerDialog_6_BuggyGUIListenerOperatorMutator;6095
ColorPickerDialog_7_InvalidViewFocusOperatorMutator;7095
ColorPickerDialog_8_ViewComponentNotVisibleOperatorMutator;8095
RenameBookmark_0_LengthyGUICreationOperatorMutator;96
RenameBookmark_1_InvalidViewFocusOperatorMutator;1096
RenameBookmark_2_ViewComponentNotVisibleOperatorMutator;2096
RenameBookmark_3_InvalidViewFocusOperatorMutator;3096
RenameBookmark_4_ViewComponentNotVisibleOperatorMutator;4096
RenameBookmark_5_InvalidViewFocusOperatorMutator;5096
RenameBookmark_6_ViewComponentNotVisibleOperatorMutator;6096
RenameBookmark_7_InvalidViewFocusOperatorMutator;7096
RenameBookmark_8_ViewComponentNotVisibleOperatorMutator;8096
RenameBookmark_9_BuggyGUIListenerOperatorMutator;9096
RenameBookmark_10_BuggyGUIListenerOperatorMutator;10096
GeneralDialogCreation_0_InvalidViewFocusOperatorMutator;97
GeneralDialogCreation_1_ViewComponentNotVisibleOperatorMutator;1097
GeneralDialogCreation_2_InvalidViewFocusOperatorMutator;2097
GeneralDialogCreation_3_ViewComponentNotVisibleOperatorMutator;3097
GeneralDialogCreation_4_InvalidViewFocusOperatorMutator;4097
GeneralDialogCreation_5_ViewComponentNotVisibleOperatorMutator;5097
GeneralDialogCreation_6_InvalidViewFocusOperatorMutator;6097
GeneralDialogCreation_7_ViewComponentNotVisibleOperatorMutator;7097
GeneralDialogCreation_8_InvalidViewFocusOperatorMutator;8097
GeneralDialogCreation_9_ViewComponentNotVisibleOperatorMutator;9097
GeneralDialogCreation_10_InvalidViewFocusOperatorMutator;10097
GeneralDialogCreation_11_ViewComponentNotVisibleOperatorMutator;11097
GeneralDialogCreation_12_InvalidViewFocusOperatorMutator;12097
GeneralDialogCreation_13_ViewComponentNotVisibleOperatorMutator;13097
GeneralDialogCreation_14_InvalidViewFocusOperatorMutator;14097
GeneralDialogCreation_15_ViewComponentNotVisibleOperatorMutator;15097
GeneralDialogCreation_16_InvalidViewFocusOperatorMutator;16097
GeneralDialogCreation_17_ViewComponentNotVisibleOperatorMutator;17097
GeneralDialogCreation_18_BinaryMutator;18097
GeneralDialogCreation_19_InvalidViewFocusOperatorMutator;19097
GeneralDialogCreation_20_ViewComponentNotVisibleOperatorMutator;20097
GeneralDialogCreation_21_InvalidViewFocusOperatorMutator;21097
GeneralDialogCreation_22_ViewComponentNotVisibleOperatorMutator;22097
GeneralDialogCreation_23_InvalidViewFocusOperatorMutator;23097
GeneralDialogCreation_24_ViewComponentNotVisibleOperatorMutator;24097
GeneralDialogCreation_25_InvalidViewFocusOperatorMutator;25097
GeneralDialogCreation_26_ViewComponentNotVisibleOperatorMutator;26097
GeneralDialogCreation_27_InvalidViewFocusOperatorMutator;27097
GeneralDialogCreation_28_ViewComponentNotVisibleOperatorMutator;28097
GeneralDialogCreation_29_InvalidViewFocusOperatorMutator;29097
GeneralDialogCreation_30_ViewComponentNotVisibleOperatorMutator;30097
GeneralDialogCreation_31_BinaryMutator;31097
GeneralDialogCreation_32_InvalidViewFocusOperatorMutator;32097
GeneralDialogCreation_33_ViewComponentNotVisibleOperatorMutator;33097
GeneralDialogCreation_34_InvalidViewFocusOperatorMutator;34097
GeneralDialogCreation_35_ViewComponentNotVisibleOperatorMutator;35097
GeneralDialogCreation_36_InvalidViewFocusOperatorMutator;36097
GeneralDialogCreation_37_ViewComponentNotVisibleOperatorMutator;37097
GeneralDialogCreation_38_InvalidViewFocusOperatorMutator;38097
GeneralDialogCreation_39_ViewComponentNotVisibleOperatorMutator;39097
GeneralDialogCreation_40_InvalidViewFocusOperatorMutator;40097
GeneralDialogCreation_41_ViewComponentNotVisibleOperatorMutator;41097
GeneralDialogCreation_42_InvalidViewFocusOperatorMutator;42097
GeneralDialogCreation_43_ViewComponentNotVisibleOperatorMutator;43097
GeneralDialogCreation_44_InvalidViewFocusOperatorMutator;44097
GeneralDialogCreation_45_ViewComponentNotVisibleOperatorMutator;45097
GeneralDialogCreation_46_InvalidViewFocusOperatorMutator;46097
GeneralDialogCreation_47_ViewComponentNotVisibleOperatorMutator;47097
GeneralDialogCreation_48_InvalidViewFocusOperatorMutator;48097
GeneralDialogCreation_49_ViewComponentNotVisibleOperatorMutator;49097
GeneralDialogCreation_50_InvalidViewFocusOperatorMutator;50097
GeneralDialogCreation_51_ViewComponentNotVisibleOperatorMutator;51097
GeneralDialogCreation_52_InvalidViewFocusOperatorMutator;52097
GeneralDialogCreation_53_ViewComponentNotVisibleOperatorMutator;53097
GeneralDialogCreation_54_InvalidViewFocusOperatorMutator;54097
GeneralDialogCreation_55_ViewComponentNotVisibleOperatorMutator;55097
GeneralDialogCreation_56_InvalidViewFocusOperatorMutator;56097
GeneralDialogCreation_57_ViewComponentNotVisibleOperatorMutator;57097
GeneralDialogCreation_58_BinaryMutator;58097
GeneralDialogCreation_59_InvalidViewFocusOperatorMutator;59097
GeneralDialogCreation_60_ViewComponentNotVisibleOperatorMutator;60097
GeneralDialogCreation_61_InvalidViewFocusOperatorMutator;61097
GeneralDialogCreation_62_ViewComponentNotVisibleOperatorMutator;62097
GeneralDialogCreation_63_InvalidViewFocusOperatorMutator;63097
GeneralDialogCreation_64_ViewComponentNotVisibleOperatorMutator;64097
GeneralDialogCreation_65_BuggyGUIListenerOperatorMutator;65097
GeneralDialogCreation_66_InvalidViewFocusOperatorMutator;66097
GeneralDialogCreation_67_ViewComponentNotVisibleOperatorMutator;67097
GeneralDialogCreation_68_InvalidViewFocusOperatorMutator;68097
GeneralDialogCreation_69_ViewComponentNotVisibleOperatorMutator;69097
GeneralDialogCreation_70_InvalidViewFocusOperatorMutator;70097
GeneralDialogCreation_71_ViewComponentNotVisibleOperatorMutator;71097
GeneralDialogCreation_72_InvalidViewFocusOperatorMutator;72097
GeneralDialogCreation_73_ViewComponentNotVisibleOperatorMutator;73097
GeneralDialogCreation_74_InvalidViewFocusOperatorMutator;74097
GeneralDialogCreation_75_ViewComponentNotVisibleOperatorMutator;75097
GeneralDialogCreation_76_InvalidViewFocusOperatorMutator;76097
GeneralDialogCreation_77_ViewComponentNotVisibleOperatorMutator;77097
GeneralDialogCreation_78_InvalidViewFocusOperatorMutator;78097
GeneralDialogCreation_79_ViewComponentNotVisibleOperatorMutator;79097
GeneralDialogCreation_80_InvalidViewFocusOperatorMutator;80097
GeneralDialogCreation_81_ViewComponentNotVisibleOperatorMutator;81097
GeneralDialogCreation_82_InvalidViewFocusOperatorMutator;82097
GeneralDialogCreation_83_ViewComponentNotVisibleOperatorMutator;83097
GeneralDialogCreation_84_InvalidViewFocusOperatorMutator;84097
GeneralDialogCreation_85_ViewComponentNotVisibleOperatorMutator;85097
GeneralDialogCreation_86_InvalidViewFocusOperatorMutator;86097
GeneralDialogCreation_87_ViewComponentNotVisibleOperatorMutator;87097
GeneralDialogCreation_88_InvalidViewFocusOperatorMutator;88097
GeneralDialogCreation_89_ViewComponentNotVisibleOperatorMutator;89097
GeneralDialogCreation_90_InvalidViewFocusOperatorMutator;90097
GeneralDialogCreation_91_ViewComponentNotVisibleOperatorMutator;91097
GeneralDialogCreation_92_InvalidViewFocusOperatorMutator;92097
GeneralDialogCreation_93_ViewComponentNotVisibleOperatorMutator;93097
GeneralDialogCreation_94_BuggyGUIListenerOperatorMutator;94097
GeneralDialogCreation_95_BuggyGUIListenerOperatorMutator;95097
SmbConnectDialog_0_LengthyGUICreationOperatorMutator;98
SmbConnectDialog_1_BuggyGUIListenerOperatorMutator;1098
SmbConnectDialog_2_BuggyGUIListenerOperatorMutator;2098
SmbConnectDialog_3_BinaryMutator;3098
SmbConnectDialog_4_BinaryMutator;4098
TextEditorActivity_0_LengthyGUICreationOperatorMutator;103
TextEditorActivity_1_FindViewByIdReturnsNullOperatorMutator;1103
TextEditorActivity_2_InvalidIDFindViewOperatorMutator;2103
TextEditorActivity_3_InvalidViewFocusOperatorMutator;3103
TextEditorActivity_4_ViewComponentNotVisibleOperatorMutator;4103
TextEditorActivity_5_FindViewByIdReturnsNullOperatorMutator;5103
TextEditorActivity_6_InvalidIDFindViewOperatorMutator;6103
TextEditorActivity_7_InvalidViewFocusOperatorMutator;7103
TextEditorActivity_8_ViewComponentNotVisibleOperatorMutator;8103
TextEditorActivity_9_InvalidViewFocusOperatorMutator;9103
TextEditorActivity_10_ViewComponentNotVisibleOperatorMutator;10103
TextEditorActivity_11_InvalidViewFocusOperatorMutator;11103
TextEditorActivity_12_ViewComponentNotVisibleOperatorMutator;12103
TextEditorActivity_13_InvalidViewFocusOperatorMutator;13103
TextEditorActivity_14_ViewComponentNotVisibleOperatorMutator;14103
TextEditorActivity_15_FindViewByIdReturnsNullOperatorMutator;15103
TextEditorActivity_16_InvalidIDFindViewOperatorMutator;16103
TextEditorActivity_17_InvalidViewFocusOperatorMutator;17103
TextEditorActivity_18_ViewComponentNotVisibleOperatorMutator;18103
TextEditorActivity_19_FindViewByIdReturnsNullOperatorMutator;19103
TextEditorActivity_20_InvalidIDFindViewOperatorMutator;20103
TextEditorActivity_21_InvalidViewFocusOperatorMutator;21103
TextEditorActivity_22_ViewComponentNotVisibleOperatorMutator;22103
TextEditorActivity_23_InvalidIDFindViewOperatorMutator;23103
TextEditorActivity_24_BinaryMutator;24103
TextEditorActivity_25_BinaryMutator;25103
TextEditorActivity_26_BinaryMutator;26103
TextEditorActivity_27_BinaryMutator;27103
TextEditorActivity_28_BinaryMutator;28103
TextEditorActivity_29_BinaryMutator;29103
PermissionsActivity_0_BuggyGUIListenerOperatorMutator;104
PermissionsActivity_1_BuggyGUIListenerOperatorMutator;1104
PermissionsActivity_2_BuggyGUIListenerOperatorMutator;2104
PermissionsActivity_3_BuggyGUIListenerOperatorMutator;3104
PermissionsActivity_4_InvalidIDFindViewOperatorMutator;4104
PermissionsActivity_5_BuggyGUIListenerOperatorMutator;5104
PermissionsActivity_6_InvalidIDFindViewOperatorMutator;6104
PermissionsActivity_7_BuggyGUIListenerOperatorMutator;7104
PermissionsActivity_8_BuggyGUIListenerOperatorMutator;8104
PermissionsActivity_9_BuggyGUIListenerOperatorMutator;9104
PermissionsActivity_10_RandomActionIntentDefinitionOperatorMutator;10104
PermissionsActivity_11_RandomActionIntentDefinitionOperatorMutator;11104
ThemedActivity_0_LengthyGUICreationOperatorMutator;105
ThemedActivity_1_FindViewByIdReturnsNullOperatorMutator;1105
ThemedActivity_2_InvalidIDFindViewOperatorMutator;2105
ThemedActivity_3_FindViewByIdReturnsNullOperatorMutator;3105
ThemedActivity_4_InvalidIDFindViewOperatorMutator;4105
ThemedActivity_5_FindViewByIdReturnsNullOperatorMutator;5105
ThemedActivity_6_InvalidIDFindViewOperatorMutator;6105
ThemedActivity_7_RandomActionIntentDefinitionOperatorMutator;7105
PreferenceActivity_0_LengthyGUICreationOperatorMutator;106
AboutActivity_0_LengthyGUICreationOperatorMutator;108
AboutActivity_1_FindViewByIdReturnsNullOperatorMutator;1108
AboutActivity_2_InvalidIDFindViewOperatorMutator;2108
AboutActivity_3_InvalidViewFocusOperatorMutator;3108
AboutActivity_4_ViewComponentNotVisibleOperatorMutator;4108
AboutActivity_5_FindViewByIdReturnsNullOperatorMutator;5108
AboutActivity_6_InvalidIDFindViewOperatorMutator;6108
AboutActivity_7_InvalidViewFocusOperatorMutator;7108
AboutActivity_8_ViewComponentNotVisibleOperatorMutator;8108
AboutActivity_9_FindViewByIdReturnsNullOperatorMutator;9108
AboutActivity_10_InvalidIDFindViewOperatorMutator;10108
AboutActivity_11_InvalidViewFocusOperatorMutator;11108
AboutActivity_12_ViewComponentNotVisibleOperatorMutator;12108
AboutActivity_13_FindViewByIdReturnsNullOperatorMutator;13108
AboutActivity_14_InvalidIDFindViewOperatorMutator;14108
AboutActivity_15_InvalidViewFocusOperatorMutator;15108
AboutActivity_16_ViewComponentNotVisibleOperatorMutator;16108
AboutActivity_17_FindViewByIdReturnsNullOperatorMutator;17108
AboutActivity_18_InvalidIDFindViewOperatorMutator;18108
AboutActivity_19_InvalidViewFocusOperatorMutator;19108
AboutActivity_20_ViewComponentNotVisibleOperatorMutator;20108
AboutActivity_21_FindViewByIdReturnsNullOperatorMutator;21108
AboutActivity_22_InvalidIDFindViewOperatorMutator;22108
AboutActivity_23_InvalidViewFocusOperatorMutator;23108
AboutActivity_24_ViewComponentNotVisibleOperatorMutator;24108
AboutActivity_25_BinaryMutator;25108
AboutActivity_26_BinaryMutator;26108
AboutActivity_27_BinaryMutator;27108
DatabaseViewerActivity_0_LengthyGUICreationOperatorMutator;109
DatabaseViewerActivity_1_FindViewByIdReturnsNullOperatorMutator;1109
DatabaseViewerActivity_2_InvalidIDFindViewOperatorMutator;2109
DatabaseViewerActivity_3_InvalidViewFocusOperatorMutator;3109
DatabaseViewerActivity_4_ViewComponentNotVisibleOperatorMutator;4109
DatabaseViewerActivity_5_FindViewByIdReturnsNullOperatorMutator;5109
DatabaseViewerActivity_6_InvalidIDFindViewOperatorMutator;6109
DatabaseViewerActivity_7_InvalidViewFocusOperatorMutator;7109
DatabaseViewerActivity_8_ViewComponentNotVisibleOperatorMutator;8109
DatabaseViewerActivity_9_InvalidIDFindViewOperatorMutator;9109
MimeTypes_0_BinaryMutator;111
CloudSheetFragment_0_LengthyGUICreationOperatorMutator;112
CloudSheetFragment_1_InvalidViewFocusOperatorMutator;1112
CloudSheetFragment_2_ViewComponentNotVisibleOperatorMutator;2112
CloudSheetFragment_3_InvalidViewFocusOperatorMutator;3112
CloudSheetFragment_4_ViewComponentNotVisibleOperatorMutator;4112
CloudSheetFragment_5_InvalidViewFocusOperatorMutator;5112
CloudSheetFragment_6_ViewComponentNotVisibleOperatorMutator;6112
CloudSheetFragment_7_InvalidViewFocusOperatorMutator;7112
CloudSheetFragment_8_ViewComponentNotVisibleOperatorMutator;8112
CloudSheetFragment_9_InvalidViewFocusOperatorMutator;9112
CloudSheetFragment_10_ViewComponentNotVisibleOperatorMutator;10112
CloudSheetFragment_11_InvalidViewFocusOperatorMutator;11112
CloudSheetFragment_12_ViewComponentNotVisibleOperatorMutator;12112
CloudSheetFragment_13_InvalidViewFocusOperatorMutator;13112
CloudSheetFragment_14_ViewComponentNotVisibleOperatorMutator;14112
CloudSheetFragment_15_InvalidViewFocusOperatorMutator;15112
CloudSheetFragment_16_ViewComponentNotVisibleOperatorMutator;16112
CloudSheetFragment_17_NullIntentOperatorMutator;17112
CloudSheetFragment_18_InvalidKeyIntentOperatorMutator;18112
CloudSheetFragment_19_RandomActionIntentDefinitionOperatorMutator;19112
CloudSheetFragment_20_RandomActionIntentDefinitionOperatorMutator;20112
CloudSheetFragment_21_RandomActionIntentDefinitionOperatorMutator;21112
TabFragment_0_InvalidViewFocusOperatorMutator;113
TabFragment_1_ViewComponentNotVisibleOperatorMutator;1113
TabFragment_2_InvalidViewFocusOperatorMutator;2113
TabFragment_3_ViewComponentNotVisibleOperatorMutator;3113
TabFragment_4_InvalidViewFocusOperatorMutator;4113
TabFragment_5_ViewComponentNotVisibleOperatorMutator;5113
TabFragment_6_InvalidViewFocusOperatorMutator;6113
TabFragment_7_ViewComponentNotVisibleOperatorMutator;7113
TabFragment_8_InvalidViewFocusOperatorMutator;8113
TabFragment_9_ViewComponentNotVisibleOperatorMutator;9113
TabFragment_10_BinaryMutator;10113
TabFragment_11_BinaryMutator;11113
TabFragment_12_InvalidViewFocusOperatorMutator;12113
TabFragment_13_ViewComponentNotVisibleOperatorMutator;13113
TabFragment_14_InvalidViewFocusOperatorMutator;14113
TabFragment_15_ViewComponentNotVisibleOperatorMutator;15113
TabFragment_16_InvalidViewFocusOperatorMutator;16113
TabFragment_17_ViewComponentNotVisibleOperatorMutator;17113
AppsListFragment_0_LengthyGUICreationOperatorMutator;114
AppsListFragment_1_InvalidViewFocusOperatorMutator;1114
AppsListFragment_2_ViewComponentNotVisibleOperatorMutator;2114
AppsListFragment_3_BinaryMutator;3114
AppsListFragment_4_BinaryMutator;4114
AppsListFragment_5_BinaryMutator;5114
AppsListFragment_6_BinaryMutator;6114
MainFragment_0_LengthyGUICreationOperatorMutator;115
MainFragment_1_InvalidViewFocusOperatorMutator;1115
MainFragment_2_ViewComponentNotVisibleOperatorMutator;2115
MainFragment_3_InvalidViewFocusOperatorMutator;3115
MainFragment_4_ViewComponentNotVisibleOperatorMutator;4115
MainFragment_5_InvalidViewFocusOperatorMutator;5115
MainFragment_6_ViewComponentNotVisibleOperatorMutator;6115
MainFragment_7_NullIntentOperatorMutator;7115
MainFragment_8_RandomActionIntentDefinitionOperatorMutator;8115
MainFragment_9_RandomActionIntentDefinitionOperatorMutator;9115
MainFragment_10_RandomActionIntentDefinitionOperatorMutator;10115
MainFragment_11_RandomActionIntentDefinitionOperatorMutator;11115
MainFragment_12_NullValueIntentPutExtraOperatorMutator;12115
MainFragment_13_IntentPayloadReplacementOperatorMutator;13115
MainFragment_14_RandomActionIntentDefinitionOperatorMutator;14115
MainFragment_15_RandomActionIntentDefinitionOperatorMutator;15115
MainFragment_16_RandomActionIntentDefinitionOperatorMutator;16115
MainFragment_17_RandomActionIntentDefinitionOperatorMutator;17115
MainFragment_18_RandomActionIntentDefinitionOperatorMutator;18115
MainFragment_19_BuggyGUIListenerOperatorMutator;19115
MainFragment_20_InvalidViewFocusOperatorMutator;20115
MainFragment_21_ViewComponentNotVisibleOperatorMutator;21115
MainFragment_22_BinaryMutator;22115
MainFragment_23_BinaryMutator;23115
MainFragment_24_RandomActionIntentDefinitionOperatorMutator;24115
MainFragment_25_InvalidViewFocusOperatorMutator;25115
MainFragment_26_ViewComponentNotVisibleOperatorMutator;26115
MainFragment_27_InvalidViewFocusOperatorMutator;27115
MainFragment_28_ViewComponentNotVisibleOperatorMutator;28115
MainFragment_29_RandomActionIntentDefinitionOperatorMutator;29115
MainFragment_30_BinaryMutator;30115
MainFragment_31_BinaryMutator;31115
MainFragment_32_BinaryMutator;32115
MainFragment_33_NullIntentOperatorMutator;33115
MainFragment_34_InvalidKeyIntentOperatorMutator;34115
MainFragment_35_RandomActionIntentDefinitionOperatorMutator;35115
MainFragment_36_NullValueIntentPutExtraOperatorMutator;36115
MainFragment_37_IntentPayloadReplacementOperatorMutator;37115
MainFragment_38_RandomActionIntentDefinitionOperatorMutator;38115
MainFragment_39_RandomActionIntentDefinitionOperatorMutator;39115
MainFragment_40_RandomActionIntentDefinitionOperatorMutator;40115
MainFragment_41_BinaryMutator;41115
MainFragment_42_BinaryMutator;42115
MainFragment_43_BinaryMutator;43115
MainFragment_44_BinaryMutator;44115
MainFragment_45_BinaryMutator;45115
DbViewerFragment_0_InvalidViewFocusOperatorMutator;116
DbViewerFragment_1_ViewComponentNotVisibleOperatorMutator;1116
DbViewerFragment_2_InvalidViewFocusOperatorMutator;2116
DbViewerFragment_3_ViewComponentNotVisibleOperatorMutator;3116
DbViewerFragment_4_InvalidViewFocusOperatorMutator;4116
DbViewerFragment_5_ViewComponentNotVisibleOperatorMutator;5116
ProcessViewerFragment_0_NullIntentOperatorMutator;117
ProcessViewerFragment_1_InvalidKeyIntentOperatorMutator;1117
ProcessViewerFragment_2_RandomActionIntentDefinitionOperatorMutator;2117
ProcessViewerFragment_3_NullIntentOperatorMutator;3117
ProcessViewerFragment_4_InvalidKeyIntentOperatorMutator;4117
ProcessViewerFragment_5_RandomActionIntentDefinitionOperatorMutator;5117
ProcessViewerFragment_6_NullIntentOperatorMutator;6117
ProcessViewerFragment_7_InvalidKeyIntentOperatorMutator;7117
ProcessViewerFragment_8_RandomActionIntentDefinitionOperatorMutator;8117
ProcessViewerFragment_9_NullIntentOperatorMutator;9117
ProcessViewerFragment_10_InvalidKeyIntentOperatorMutator;10117
ProcessViewerFragment_11_RandomActionIntentDefinitionOperatorMutator;11117
ProcessViewerFragment_12_NullIntentOperatorMutator;12117
ProcessViewerFragment_13_InvalidKeyIntentOperatorMutator;13117
ProcessViewerFragment_14_RandomActionIntentDefinitionOperatorMutator;14117
ProcessViewerFragment_15_BuggyGUIListenerOperatorMutator;15117
FtpNotification_0_NullIntentOperatorMutator;118
FtpNotification_1_InvalidKeyIntentOperatorMutator;1118
FtpNotification_2_RandomActionIntentDefinitionOperatorMutator;2118
FtpNotification_3_RandomActionIntentDefinitionOperatorMutator;3118
FtpNotification_4_RandomActionIntentDefinitionOperatorMutator;4118
BottomBar_0_InvalidViewFocusOperatorMutator;123
BottomBar_1_ViewComponentNotVisibleOperatorMutator;1123
BottomBar_2_InvalidViewFocusOperatorMutator;2123
BottomBar_3_ViewComponentNotVisibleOperatorMutator;3123
BottomBar_4_InvalidViewFocusOperatorMutator;4123
BottomBar_5_ViewComponentNotVisibleOperatorMutator;5123
BottomBar_6_InvalidViewFocusOperatorMutator;6123
BottomBar_7_ViewComponentNotVisibleOperatorMutator;7123
BottomBar_8_InvalidViewFocusOperatorMutator;8123
BottomBar_9_ViewComponentNotVisibleOperatorMutator;9123
BottomBar_10_InvalidViewFocusOperatorMutator;10123
BottomBar_11_ViewComponentNotVisibleOperatorMutator;11123
BottomBar_12_InvalidViewFocusOperatorMutator;12123
BottomBar_13_ViewComponentNotVisibleOperatorMutator;13123
BottomBar_14_InvalidViewFocusOperatorMutator;14123
BottomBar_15_ViewComponentNotVisibleOperatorMutator;15123
BottomBar_16_BuggyGUIListenerOperatorMutator;16123
BottomBar_17_BuggyGUIListenerOperatorMutator;17123
BottomBar_18_BuggyGUIListenerOperatorMutator;18123
BottomBar_19_BinaryMutator;19123
AppBar_0_InvalidViewFocusOperatorMutator;124
AppBar_1_ViewComponentNotVisibleOperatorMutator;1124
AppBar_2_InvalidViewFocusOperatorMutator;2124
AppBar_3_ViewComponentNotVisibleOperatorMutator;3124
SearchView_0_InvalidViewFocusOperatorMutator;125
SearchView_1_ViewComponentNotVisibleOperatorMutator;1125
SearchView_2_InvalidViewFocusOperatorMutator;2125
SearchView_3_ViewComponentNotVisibleOperatorMutator;3125
SearchView_4_InvalidViewFocusOperatorMutator;4125
SearchView_5_ViewComponentNotVisibleOperatorMutator;5125
SearchView_6_InvalidViewFocusOperatorMutator;6125
SearchView_7_ViewComponentNotVisibleOperatorMutator;7125
SearchView_8_InvalidViewFocusOperatorMutator;8125
SearchView_9_ViewComponentNotVisibleOperatorMutator;9125
SearchView_10_InvalidViewFocusOperatorMutator;10125
SearchView_11_ViewComponentNotVisibleOperatorMutator;11125
SearchView_12_InvalidViewFocusOperatorMutator;12125
SearchView_13_ViewComponentNotVisibleOperatorMutator;13125
SearchView_14_InvalidViewFocusOperatorMutator;14125
SearchView_15_ViewComponentNotVisibleOperatorMutator;15125
SearchView_16_InvalidViewFocusOperatorMutator;16125
SearchView_17_ViewComponentNotVisibleOperatorMutator;17125
SearchView_18_InvalidViewFocusOperatorMutator;18125
SearchView_19_ViewComponentNotVisibleOperatorMutator;19125
SearchView_20_InvalidViewFocusOperatorMutator;20125
SearchView_21_ViewComponentNotVisibleOperatorMutator;21125
SearchView_22_BuggyGUIListenerOperatorMutator;22125
SearchView_23_BuggyGUIListenerOperatorMutator;23125
SearchView_24_BuggyGUIListenerOperatorMutator;24125
SearchView_25_BuggyGUIListenerOperatorMutator;25125
SearchView_26_InvalidViewFocusOperatorMutator;26125
SearchView_27_ViewComponentNotVisibleOperatorMutator;27125
SearchView_28_BinaryMutator;28125
SearchView_29_BinaryMutator;29125
SearchView_30_BuggyGUIListenerOperatorMutator;30125
SearchView_31_InvalidViewFocusOperatorMutator;31125
SearchView_32_ViewComponentNotVisibleOperatorMutator;32125
SearchView_33_BinaryMutator;33125
SearchView_34_BinaryMutator;34125
SearchView_35_BinaryMutator;35125
SearchView_36_BinaryMutator;36125
CircularColorsView_0_BinaryMutator;129
CircularColorsView_1_BinaryMutator;1129
CircularColorsView_2_BinaryMutator;2129
CircularColorsView_3_BinaryMutator;3129
CircularColorsView_4_BinaryMutator;4129
CircularColorsView_5_BinaryMutator;5129
CircularColorsView_6_BinaryMutator;6129
CircularColorsView_7_BinaryMutator;7129
CircularColorsView_8_BinaryMutator;8129
CircularColorsView_9_BinaryMutator;9129
CircularColorsView_10_BinaryMutator;10129
CircularColorsView_11_BinaryMutator;11129
CircularColorsView_12_BinaryMutator;12129
CircularColorsView_13_BinaryMutator;13129
CircularColorsView_14_BinaryMutator;14129
CircularColorsView_15_BinaryMutator;15129
CircularColorsView_16_BinaryMutator;16129
CircularColorsView_17_BinaryMutator;17129
CircularColorsView_18_BinaryMutator;18129
CircularColorsView_19_BinaryMutator;19129
CircularColorsView_20_BinaryMutator;20129
CircleGradientDrawable_0_BinaryMutator;130
DividerItemDecoration_0_BinaryMutator;131
DividerItemDecoration_1_BinaryMutator;1131
DividerItemDecoration_2_BinaryMutator;2131
DividerItemDecoration_3_BinaryMutator;3131
DividerItemDecoration_4_BinaryMutator;4131
DividerItemDecoration_5_BinaryMutator;5131
DividerItemDecoration_6_BinaryMutator;6131
DividerItemDecoration_7_BinaryMutator;7131
DividerItemDecoration_8_BinaryMutator;8131
CustomZoomFocusChange_0_BinaryMutator;133
CustomZoomFocusChange_1_BinaryMutator;1133
CustomZoomFocusChange_2_BinaryMutator;2133
CustomZoomFocusChange_3_BinaryMutator;3133
CheckableCircleView_0_BinaryMutator;134
CheckableCircleView_1_BinaryMutator;1134
CheckableCircleView_2_BinaryMutator;2134
CheckableCircleView_3_BinaryMutator;3134
CheckableCircleView_4_BinaryMutator;4134
CheckableCircleView_5_BinaryMutator;5134
FastScroller_0_BinaryMutator;136
FastScroller_1_BinaryMutator;1136
FastScroller_2_BinaryMutator;2136
FastScroller_3_BinaryMutator;3136
FastScroller_4_BinaryMutator;4136
FastScroller_5_BinaryMutator;5136
FastScroller_6_BinaryMutator;6136
FastScroller_7_BinaryMutator;7136
FastScroller_8_BinaryMutator;8136
FastScroller_9_FindViewByIdReturnsNullOperatorMutator;9136
FastScroller_10_InvalidIDFindViewOperatorMutator;10136
FastScroller_11_InvalidViewFocusOperatorMutator;11136
FastScroller_12_ViewComponentNotVisibleOperatorMutator;12136
FastScroller_13_FindViewByIdReturnsNullOperatorMutator;13136
FastScroller_14_InvalidIDFindViewOperatorMutator;14136
FastScroller_15_InvalidViewFocusOperatorMutator;15136
FastScroller_16_ViewComponentNotVisibleOperatorMutator;16136
FastScroller_17_BinaryMutator;17136
FastScroller_18_BinaryMutator;18136
FastScroller_19_BinaryMutator;19136
FastScroller_20_BinaryMutator;20136
FastScroller_21_BinaryMutator;21136
FastScroller_22_BinaryMutator;22136
FastScroller_23_BinaryMutator;23136
FastScroller_24_BinaryMutator;24136
FastScroller_25_BinaryMutator;25136
FastScroller_26_BinaryMutator;26136
FastScroller_27_BinaryMutator;27136
FastScroller_28_BinaryMutator;28136
CustomLinearSmoothScroller_0_BinaryMutator;137
CustomLinearSmoothScroller_1_BinaryMutator;1137
CustomLinearSmoothScroller_2_BinaryMutator;2137
CustomLinearSmoothScroller_3_BinaryMutator;3137
CustomLinearSmoothScroller_4_BinaryMutator;4137
CustomLinearSmoothScroller_5_BinaryMutator;5137
CustomLinearSmoothScroller_6_BinaryMutator;6137
CustomLinearSmoothScroller_7_BinaryMutator;7137
CustomLinearSmoothScroller_8_BinaryMutator;8137
CustomLinearSmoothScroller_9_BinaryMutator;9137
CustomLinearSmoothScroller_10_BinaryMutator;10137
CustomLinearSmoothScroller_11_BinaryMutator;11137
CustomLinearSmoothScroller_12_BinaryMutator;12137
CustomLinearSmoothScroller_13_BinaryMutator;13137
CustomLinearSmoothScroller_14_BinaryMutator;14137
CustomLinearSmoothScroller_15_BinaryMutator;15137
CustomLinearSmoothScroller_16_BinaryMutator;16137
CustomLinearSmoothScroller_17_BinaryMutator;17137
CustomLinearSmoothScroller_18_BinaryMutator;18137
CustomLinearSmoothScroller_19_BinaryMutator;19137
CustomLinearSmoothScroller_20_BinaryMutator;20137
CustomLinearSmoothScroller_21_BinaryMutator;21137
CustomLinearSmoothScroller_22_BinaryMutator;22137
CustomLinearSmoothScroller_23_BinaryMutator;23137
Indicator_0_BinaryMutator;138
Indicator_1_BinaryMutator;1138
Indicator_2_BinaryMutator;2138
Indicator_3_BinaryMutator;3138
Indicator_4_BinaryMutator;4138
Indicator_5_BinaryMutator;5138
Indicator_6_BinaryMutator;6138
Indicator_7_BinaryMutator;7138
Indicator_8_BinaryMutator;8138
Indicator_9_BinaryMutator;9138
Indicator_10_BinaryMutator;10138
Indicator_11_BinaryMutator;11138
Indicator_12_BinaryMutator;12138
Indicator_13_BinaryMutator;13138
Indicator_14_BinaryMutator;14138
Indicator_15_BinaryMutator;15138
Indicator_16_BinaryMutator;16138
Indicator_17_BinaryMutator;17138
Indicator_18_BinaryMutator;18138
Indicator_19_BinaryMutator;19138
Indicator_20_BinaryMutator;20138
Indicator_21_BinaryMutator;21138
Indicator_22_BinaryMutator;22138
Indicator_23_BinaryMutator;23138
Indicator_24_BinaryMutator;24138
Indicator_25_BinaryMutator;25138
Indicator_26_BinaryMutator;26138
Indicator_27_BinaryMutator;27138
Indicator_28_BinaryMutator;28138
Indicator_29_BinaryMutator;29138
Indicator_30_BinaryMutator;30138
Indicator_31_BinaryMutator;31138
Indicator_32_BinaryMutator;32138
Indicator_33_BinaryMutator;33138
Indicator_34_BinaryMutator;34138
Indicator_35_BinaryMutator;35138
Indicator_36_BinaryMutator;36138
Indicator_37_BinaryMutator;37138
Indicator_38_BinaryMutator;38138
Indicator_39_BinaryMutator;39138
Indicator_40_BinaryMutator;40138
Indicator_41_BinaryMutator;41138
Indicator_42_BinaryMutator;42138
Indicator_43_BinaryMutator;43138
Indicator_44_BinaryMutator;44138
Indicator_45_BinaryMutator;45138
Indicator_46_BinaryMutator;46138
Indicator_47_BinaryMutator;47138
Indicator_48_BinaryMutator;48138
Indicator_49_BinaryMutator;49138
Indicator_50_BinaryMutator;50138
Indicator_51_BinaryMutator;51138
Indicator_52_BinaryMutator;52138
Indicator_53_BinaryMutator;53138
Indicator_54_BinaryMutator;54138
Indicator_55_BinaryMutator;55138
Indicator_56_BinaryMutator;56138
Indicator_57_BinaryMutator;57138
Indicator_58_BinaryMutator;58138
Indicator_59_BinaryMutator;59138
Indicator_60_BinaryMutator;60138
Indicator_61_BinaryMutator;61138
Indicator_62_BinaryMutator;62138
Indicator_63_BinaryMutator;63138
Indicator_64_BinaryMutator;64138
Indicator_65_BinaryMutator;65138
Indicator_66_BinaryMutator;66138
Indicator_67_BinaryMutator;67138
Indicator_68_BinaryMutator;68138
Indicator_69_BinaryMutator;69138
Indicator_70_BinaryMutator;70138
Indicator_71_BinaryMutator;71138
Indicator_72_BinaryMutator;72138
Indicator_73_BinaryMutator;73138
Indicator_74_BinaryMutator;74138
Indicator_75_BinaryMutator;75138
Indicator_76_BinaryMutator;76138
Indicator_77_BinaryMutator;77138
Indicator_78_BinaryMutator;78138
Indicator_79_BinaryMutator;79138
Indicator_80_BinaryMutator;80138
Indicator_81_BinaryMutator;81138
Indicator_82_BinaryMutator;82138
Indicator_83_BinaryMutator;83138
Indicator_84_BinaryMutator;84138
Indicator_85_BinaryMutator;85138
Indicator_86_BinaryMutator;86138
Indicator_87_BinaryMutator;87138
Indicator_88_BinaryMutator;88138
Indicator_89_BinaryMutator;89138
Indicator_90_BinaryMutator;90138
Indicator_91_BinaryMutator;91138
Indicator_92_BinaryMutator;92138
Indicator_93_BinaryMutator;93138
Indicator_94_BinaryMutator;94138
Indicator_95_BinaryMutator;95138
Indicator_96_BinaryMutator;96138
Indicator_97_BinaryMutator;97138
Indicator_98_BinaryMutator;98138
Indicator_99_BinaryMutator;99138
Indicator_100_BinaryMutator;100138
Indicator_101_BinaryMutator;101138
Indicator_102_BinaryMutator;102138
Indicator_103_BinaryMutator;103138
Indicator_104_BinaryMutator;104138
Indicator_105_BinaryMutator;105138
Indicator_106_BinaryMutator;106138
Indicator_107_BinaryMutator;107138
Indicator_108_BinaryMutator;108138
Indicator_109_BinaryMutator;109138
ScrimInsetsRelativeLayout_0_BinaryMutator;139
ScrimInsetsRelativeLayout_1_BinaryMutator;1139
ScrimInsetsRelativeLayout_2_BinaryMutator;2139
ScrimInsetsRelativeLayout_3_BinaryMutator;3139
ColorCircleDrawable_0_BinaryMutator;143
ItemPopupMenu_0_NullIntentOperatorMutator;144
ItemPopupMenu_1_InvalidKeyIntentOperatorMutator;1144
ItemPopupMenu_2_RandomActionIntentDefinitionOperatorMutator;2144
ItemPopupMenu_3_NullValueIntentPutExtraOperatorMutator;3144
ItemPopupMenu_4_IntentPayloadReplacementOperatorMutator;4144
ItemPopupMenu_5_RandomActionIntentDefinitionOperatorMutator;5144
ItemPopupMenu_6_NullValueIntentPutExtraOperatorMutator;6144
ItemPopupMenu_7_IntentPayloadReplacementOperatorMutator;7144
ItemPopupMenu_8_RandomActionIntentDefinitionOperatorMutator;8144
GlideApplication_0_LengthyGUICreationOperatorMutator;145
AppConfig_0_LengthyGUICreationOperatorMutator;146
